고객ID,최초거래일,마지막거래일,거래횟수,결제금액,평균거래주기(일),평균거래주기(월),최근구매일경과일
USER_0000,2019-09-15,2019-09-15,1,21.692999999999998,,,108
USER_0001,2019-03-24,2019-11-02,31,13053.352,7.433333333333334,0.2477777777777778,60
USER_0002,2019-06-22,2019-10-19,8,1311.415,17.0,0.5666666666666667,74
USER_0003,2019-12-14,2019-12-14,11,1207.853,0.0,0.0,18
USER_0004,2019-09-15,2019-09-15,13,1235.722,0.0,0.0,108
USER_0005,2019-08-23,2019-08-23,3,594.352,0.0,0.0,131
USER_0006,2019-05-26,2019-06-25,44,6636.091,0.6976744186046512,0.023255813953488372,190
USER_0007,2019-12-07,2019-12-07,5,440.82099999999997,0.0,0.0,25
USER_0008,2019-07-05,2019-11-21,37,9612.159,3.861111111111111,0.1287037037037037,41
USER_0009,2019-07-13,2019-09-23,39,4741.927,1.894736842105263,0.06315789473684211,100
USER_0010,2019-03-27,2019-07-28,6,517.965,24.6,0.8200000000000001,157
USER_0011,2019-09-08,2019-09-08,10,700.51,0.0,0.0,115
USER_0012,2019-08-17,2019-08-31,13,2021.51,1.1666666666666667,0.03888888888888889,123
USER_0013,2019-02-09,2019-07-20,14,1303.158,12.384615384615385,0.41282051282051285,165
USER_0014,2019-09-28,2019-09-28,6,540.315,0.0,0.0,95
USER_0015,2019-12-21,2019-12-21,14,2230.661,0.0,0.0,11
USER_0016,2019-07-31,2019-08-22,10,2821.237,2.4444444444444446,0.08148148148148149,132
USER_0017,2019-12-13,2019-12-14,6,594.025,0.2,0.006666666666666667,18
USER_0018,2019-07-26,2019-08-13,24,2641.772,0.782608695652174,0.026086956521739132,141
USER_0019,2019-06-26,2019-10-18,15,1553.578,8.142857142857142,0.2714285714285714,75
USER_0020,2019-10-16,2019-10-16,6,1841.691,0.0,0.0,77
USER_0021,2019-09-19,2019-09-20,9,830.092,0.125,0.004166666666666667,103
USER_0022,2019-07-12,2019-07-12,8,663.052,0.0,0.0,173
USER_0023,2019-02-01,2019-07-14,3,1263.4560000000001,81.5,2.716666666666667,171
USER_0024,2019-04-13,2019-04-13,10,2179.071,0.0,0.0,263
USER_0025,2019-01-02,2019-11-21,32,5320.812,10.419354838709678,0.3473118279569893,41
USER_0026,2019-01-09,2019-04-10,55,13410.251,1.6851851851851851,0.056172839506172835,266
USER_0027,2019-05-23,2019-05-23,1,28.576,,,223
USER_0028,2019-08-24,2019-12-14,14,2432.926,8.615384615384615,0.28717948717948716,18
USER_0029,2019-03-28,2019-03-29,11,1423.0259999999998,0.1,0.0033333333333333335,278
USER_0030,2019-09-19,2019-09-19,57,8749.657,0.0,0.0,104
USER_0031,2019-12-18,2019-12-18,6,962.218,0.0,0.0,14
USER_0032,2019-11-10,2019-11-10,7,1344.578,0.0,0.0,52
USER_0033,2019-01-18,2019-12-16,70,13127.78,4.811594202898551,0.1603864734299517,16
USER_0034,2019-01-11,2019-10-30,67,10570.826000000001,4.424242424242424,0.14747474747474745,63
USER_0035,2019-03-06,2019-11-01,27,6342.563,9.23076923076923,0.30769230769230765,61
USER_0036,2019-05-18,2019-11-28,13,2856.25,16.166666666666668,0.538888888888889,34
USER_0037,2019-12-05,2019-12-05,2,222.517,0.0,0.0,27
USER_0038,2019-08-06,2019-08-06,14,1264.256,0.0,0.0,148
USER_0039,2019-04-11,2019-08-02,13,8643.761,9.416666666666666,0.3138888888888889,152
USER_0040,2019-07-18,2019-07-18,6,979.781,0.0,0.0,167
USER_0041,2019-08-04,2019-08-04,35,4938.908,0.0,0.0,150
USER_0042,2019-08-03,2019-08-03,6,576.254,0.0,0.0,151
USER_0043,2019-08-30,2019-08-30,22,2523.188,0.0,0.0,124
USER_0044,2019-04-12,2019-07-20,5,402.46,24.75,0.825,165
USER_0045,2019-08-13,2019-08-13,3,61.43,0.0,0.0,141
USER_0046,2019-08-02,2019-11-20,71,9356.994,1.5714285714285714,0.05238095238095238,42
USER_0047,2019-12-16,2019-12-16,21,4491.8369999999995,0.0,0.0,16
USER_0048,2019-07-27,2019-07-27,1,10.63,,,158
USER_0049,2019-09-18,2019-09-18,12,1169.951,0.0,0.0,105
USER_0050,2019-07-13,2019-07-13,4,1261.429,0.0,0.0,172
USER_0051,2019-08-22,2019-08-22,3,400.214,0.0,0.0,132
USER_0052,2019-08-13,2019-08-14,5,476.97200000000004,0.25,0.008333333333333333,140
USER_0053,2019-09-15,2019-09-15,6,1531.97,0.0,0.0,108
USER_0054,2019-11-27,2019-11-27,22,4068.46,0.0,0.0,35
USER_0055,2019-08-02,2019-08-02,8,1225.04,0.0,0.0,152
USER_0056,2019-08-12,2019-11-08,100,17828.848,0.8888888888888888,0.029629629629629627,54
USER_0057,2019-05-12,2019-12-10,32,3887.902,6.838709677419355,0.22795698924731184,22
USER_0058,2019-06-26,2019-06-26,9,1448.06,0.0,0.0,189
USER_0059,2019-08-30,2019-10-23,14,1439.696,4.153846153846154,0.13846153846153847,70
USER_0060,2019-02-02,2019-08-17,4,242.588,65.33333333333333,2.1777777777777776,137
USER_0061,2019-10-12,2019-12-11,11,2663.846,6.0,0.2,21
USER_0062,2019-02-14,2019-12-21,71,11347.089,4.428571428571429,0.14761904761904762,11
USER_0063,2019-11-16,2019-11-16,5,1348.5800000000002,0.0,0.0,46
USER_0064,2019-06-12,2019-06-12,33,5522.247,0.0,0.0,203
USER_0065,2019-07-20,2019-11-05,40,5134.77,2.769230769230769,0.0923076923076923,57
USER_0066,2019-01-01,2019-08-02,15,2267.616,15.214285714285714,0.5071428571428571,152
USER_0067,2019-07-14,2019-07-24,26,3584.57,0.4,0.013333333333333334,161
USER_0068,2019-03-04,2019-03-04,1,18.99,,,303
USER_0069,2019-11-02,2019-11-02,21,4290.46,0.0,0.0,60
USER_0070,2019-09-30,2019-09-30,5,671.0899999999999,0.0,0.0,93
USER_0071,2019-02-04,2019-12-16,8,704.901,45.0,1.5,16
USER_0072,2019-08-17,2019-08-17,4,504.218,0.0,0.0,137
USER_0073,2019-04-19,2019-04-19,2,283.19,0.0,0.0,257
USER_0074,2019-10-27,2019-10-27,4,317.9,0.0,0.0,66
USER_0075,2019-04-12,2019-06-27,20,2248.936,4.0,0.13333333333333333,188
USER_0076,2019-10-14,2019-12-16,24,5668.586,2.739130434782609,0.09130434782608696,16
USER_0077,2019-09-07,2019-12-04,34,4679.137,2.6666666666666665,0.08888888888888888,28
USER_0078,2019-09-26,2019-11-05,26,4074.178,1.6,0.05333333333333334,57
USER_0079,2019-08-18,2019-08-18,1,51.99,,,136
USER_0080,2019-11-10,2019-11-10,8,2273.314,0.0,0.0,52
USER_0081,2019-02-25,2019-06-26,28,3685.777,4.481481481481482,0.14938271604938272,189
USER_0082,2019-04-18,2019-04-18,1,13.100999999999999,,,258
USER_0083,2019-08-09,2019-08-09,7,2213.1040000000003,0.0,0.0,145
USER_0084,2019-08-24,2019-10-05,26,2523.974,1.68,0.056,88
USER_0085,2019-01-09,2019-12-19,16,2764.661,22.933333333333334,0.7644444444444445,13
USER_0086,2019-10-02,2019-10-02,5,716.19,0.0,0.0,91
USER_0087,2019-08-22,2019-09-19,2,74.16,28.0,0.9333333333333333,104
USER_0088,2019-06-09,2019-06-09,2,32.282999999999994,0.0,0.0,206
USER_0089,2019-06-30,2019-11-30,38,6342.629,4.135135135135135,0.13783783783783785,32
USER_0090,2019-08-30,2019-08-30,3,242.816,0.0,0.0,124
USER_0091,2019-09-09,2019-09-09,11,1545.277,0.0,0.0,114
USER_0092,2019-12-10,2019-12-10,10,1260.203,0.0,0.0,22
USER_0093,2019-07-12,2019-07-12,3,202.98000000000002,0.0,0.0,173
USER_0094,2019-03-20,2019-12-03,88,14499.063,2.9655172413793105,0.09885057471264368,29
USER_0095,2019-02-05,2019-12-11,68,11262.569,4.611940298507463,0.1537313432835821,21
USER_0096,2019-04-12,2019-09-30,38,9365.674,4.621621621621622,0.15405405405405406,93
USER_0097,2019-01-31,2019-01-31,6,934.026,0.0,0.0,335
USER_0098,2019-06-28,2019-10-27,8,1295.874,17.285714285714285,0.5761904761904761,66
USER_0099,2019-10-14,2019-10-14,4,1634.5500000000002,0.0,0.0,79
USER_0100,2019-06-28,2019-06-28,13,1544.597,0.0,0.0,187
USER_0101,2019-03-04,2019-08-30,21,2692.363,8.95,0.2983333333333333,124
USER_0102,2019-03-27,2019-11-08,16,2752.792,15.066666666666666,0.5022222222222222,54
USER_0103,2019-02-06,2019-12-21,27,3555.323,12.23076923076923,0.4076923076923077,11
USER_0104,2019-03-01,2019-11-27,26,6178.718,10.84,0.36133333333333334,35
USER_0105,2019-04-12,2019-07-06,10,1844.7140000000002,9.444444444444445,0.3148148148148148,179
USER_0106,2019-08-21,2019-08-21,7,452.32800000000003,0.0,0.0,133
USER_0107,2019-02-08,2019-02-09,14,4150.762,0.07692307692307693,0.002564102564102564,326
USER_0108,2019-06-27,2019-11-17,16,1650.67,9.533333333333333,0.31777777777777777,45
USER_0109,2019-10-11,2019-10-11,8,870.025,0.0,0.0,82
USER_0110,2019-08-19,2019-08-19,7,488.002,0.0,0.0,135
USER_0111,2019-04-24,2019-11-27,38,11545.644,5.864864864864865,0.1954954954954955,35
USER_0112,2019-07-13,2019-07-13,2,77.752,0.0,0.0,172
USER_0113,2019-07-29,2019-11-20,18,2671.5840000000003,6.705882352941177,0.2235294117647059,42
USER_0114,2019-08-16,2019-08-16,1,125.16000000000001,,,138
USER_0115,2019-01-30,2019-01-30,8,1677.468,0.0,0.0,336
USER_0116,2019-10-23,2019-10-24,34,9008.044,0.030303030303030304,0.00101010101010101,69
USER_0117,2019-03-01,2019-09-28,10,1577.668,23.444444444444443,0.7814814814814814,95
USER_0118,2019-01-08,2019-09-15,328,68590.161,0.764525993883792,0.025484199796126403,108
USER_0119,2019-05-05,2019-08-01,20,1817.258,4.631578947368421,0.1543859649122807,153
USER_0120,2019-12-21,2019-12-21,17,3370.5789999999997,0.0,0.0,11
USER_0121,2019-04-12,2019-04-12,1,44.982,,,264
USER_0122,2019-03-01,2019-03-02,8,893.166,0.14285714285714285,0.0047619047619047615,305
USER_0123,2019-11-06,2019-11-06,28,4994.886,0.0,0.0,56
USER_0124,2019-04-05,2019-08-11,28,3964.178,4.7407407407407405,0.1580246913580247,143
USER_0125,2019-12-08,2019-12-18,7,1242.8229999999999,1.6666666666666667,0.05555555555555556,14
USER_0126,2019-12-01,2019-12-01,3,517.8629999999999,0.0,0.0,31
USER_0127,2019-02-04,2019-12-24,15,2053.264,23.071428571428573,0.7690476190476191,8
USER_0128,2019-06-26,2019-10-28,32,3871.033,4.0,0.13333333333333333,65
USER_0129,2019-04-30,2019-04-30,8,673.312,0.0,0.0,246
USER_0130,2019-01-03,2019-01-03,2,128.023,0.0,0.0,363
USER_0131,2019-02-08,2019-08-09,11,2064.484,18.2,0.6066666666666667,145
USER_0132,2019-04-12,2019-06-02,7,325.56100000000004,8.5,0.2833333333333333,213
USER_0133,2019-03-04,2019-03-04,5,488.135,0.0,0.0,303
USER_0134,2019-09-11,2019-09-11,5,544.2860000000001,0.0,0.0,112
USER_0135,2019-04-19,2019-11-08,31,7326.174,6.766666666666667,0.22555555555555556,54
USER_0136,2019-06-01,2019-10-03,6,973.386,24.8,0.8266666666666667,90
USER_0137,2019-12-05,2019-12-06,19,2603.921,0.05555555555555555,0.0018518518518518517,26
USER_0138,2019-01-05,2019-01-05,28,4179.285,0.0,0.0,361
USER_0139,2019-03-25,2019-06-29,23,3346.498,4.363636363636363,0.14545454545454545,186
USER_0140,2019-02-01,2019-11-27,49,10847.835,6.229166666666667,0.2076388888888889,35
USER_0141,2019-12-23,2019-12-23,9,2235.362,0.0,0.0,9
USER_0142,2019-11-17,2019-12-03,12,1796.3249999999998,1.4545454545454546,0.048484848484848485,29
USER_0143,2019-10-21,2019-10-24,23,4483.556,0.13636363636363635,0.004545454545454545,69
USER_0144,2019-01-17,2019-01-17,3,850.405,0.0,0.0,349
USER_0145,2019-06-05,2019-06-05,1,238.0,,,210
USER_0146,2019-06-01,2019-06-02,24,3037.772,0.043478260869565216,0.0014492753623188406,213
USER_0147,2019-01-09,2019-11-12,19,5141.295,17.055555555555557,0.5685185185185185,50
USER_0148,2019-04-06,2019-04-06,1,31.686,,,270
USER_0149,2019-04-18,2019-09-07,31,3461.228,4.733333333333333,0.15777777777777777,116
USER_0150,2019-05-06,2019-05-06,1,1.2,,,240
USER_0151,2019-06-15,2019-08-31,11,1135.168,7.7,0.25666666666666665,123
USER_0152,2019-11-29,2019-11-29,1,228.0,,,33
USER_0153,2019-03-18,2019-03-18,2,62.76299999999999,0.0,0.0,289
USER_0154,2019-01-22,2019-01-22,7,1090.622,0.0,0.0,344
USER_0155,2019-10-05,2019-10-06,19,3764.842,0.05555555555555555,0.0018518518518518517,87
USER_0156,2019-01-12,2019-07-20,30,5655.232,6.517241379310345,0.21724137931034485,165
USER_0157,2019-09-05,2019-09-05,1,15.35,,,118
USER_0158,2019-06-11,2019-06-11,8,246.93099999999998,0.0,0.0,204
USER_0159,2019-12-06,2019-12-06,5,847.634,0.0,0.0,26
USER_0160,2019-06-25,2019-06-29,2,18.662999999999997,4.0,0.13333333333333333,186
USER_0161,2019-10-16,2019-10-16,2,804.77,0.0,0.0,77
USER_0162,2019-08-08,2019-08-08,2,174.21,0.0,0.0,146
USER_0163,2019-04-11,2019-04-11,7,683.5550000000001,0.0,0.0,265
USER_0164,2019-07-05,2019-07-06,7,1012.02,0.16666666666666666,0.005555555555555555,179
USER_0165,2019-01-14,2019-10-27,25,4750.719,11.916666666666666,0.3972222222222222,66
USER_0166,2019-08-26,2019-10-12,6,843.085,9.4,0.31333333333333335,81
USER_0167,2019-12-31,2019-12-31,14,2890.086,0.0,0.0,1
USER_0168,2019-07-17,2019-08-01,13,866.348,1.25,0.041666666666666664,153
USER_0169,2019-04-10,2019-04-11,6,590.26,0.2,0.006666666666666667,265
USER_0170,2019-01-31,2019-06-23,10,1439.053,15.88888888888889,0.5296296296296297,192
USER_0171,2019-10-04,2019-10-04,2,483.79999999999995,0.0,0.0,89
USER_0172,2019-01-29,2019-12-19,31,3775.587,10.8,0.36000000000000004,13
USER_0173,2019-06-14,2019-08-23,4,1125.57,23.333333333333332,0.7777777777777778,131
USER_0174,2019-04-29,2019-09-05,2,156.6,129.0,4.3,118
USER_0175,2019-12-14,2019-12-14,2,449.828,0.0,0.0,18
USER_0176,2019-11-03,2019-11-21,7,730.514,3.0,0.1,41
USER_0177,2019-04-24,2019-04-24,8,822.1410000000001,0.0,0.0,252
USER_0178,2019-09-11,2019-10-27,23,2114.382,2.090909090909091,0.06969696969696969,66
USER_0179,2019-10-27,2019-10-27,5,842.55,0.0,0.0,66
USER_0180,2019-06-24,2019-11-10,37,5151.543,3.861111111111111,0.1287037037037037,52
USER_0181,2019-05-22,2019-09-28,8,2061.253,18.428571428571427,0.6142857142857142,95
USER_0182,2019-01-30,2019-01-30,3,192.229,0.0,0.0,336
USER_0183,2019-02-03,2019-02-03,28,4264.118,0.0,0.0,332
USER_0184,2019-04-18,2019-06-13,6,1593.2479999999998,11.2,0.3733333333333333,202
USER_0185,2019-07-07,2019-07-07,4,165.192,0.0,0.0,178
USER_0186,2019-07-12,2019-07-12,1,9.99,,,173
USER_0187,2019-03-15,2019-03-15,16,1797.681,0.0,0.0,292
USER_0188,2019-06-27,2019-06-27,5,487.006,0.0,0.0,188
USER_0189,2019-02-28,2019-02-28,4,152.842,0.0,0.0,307
USER_0190,2019-01-01,2019-12-18,26,2753.551,14.04,0.46799999999999997,14
USER_0191,2019-09-06,2019-09-06,17,2551.9249999999997,0.0,0.0,117
USER_0192,2019-10-27,2019-10-27,3,214.19199999999998,0.0,0.0,66
USER_0193,2019-03-27,2019-12-27,60,9560.539999999999,4.661016949152542,0.1553672316384181,5
USER_0194,2019-09-06,2019-09-06,1,156.856,,,117
USER_0195,2019-01-15,2019-01-16,7,1391.906,0.16666666666666666,0.005555555555555555,350
USER_0196,2019-10-11,2019-10-11,1,0.9,,,82
USER_0197,2019-02-12,2019-12-28,68,8034.917,4.7611940298507465,0.15870646766169155,4
USER_0198,2019-04-07,2019-04-07,4,1456.583,0.0,0.0,269
USER_0199,2019-03-27,2019-11-10,24,3605.774,9.91304347826087,0.33043478260869563,52
USER_0200,2019-02-09,2019-08-31,117,18737.912,1.75,0.058333333333333334,123
USER_0201,2019-07-24,2019-07-24,6,977.39,0.0,0.0,161
USER_0202,2019-02-10,2019-12-11,176,24822.244,1.737142857142857,0.0579047619047619,21
USER_0203,2019-01-16,2019-09-30,9,1225.1399999999999,32.125,1.0708333333333333,93
USER_0204,2019-06-07,2019-06-07,4,254.299,0.0,0.0,208
USER_0205,2019-01-12,2019-12-12,65,10836.985,5.21875,0.17395833333333333,20
USER_0206,2019-03-04,2019-07-31,4,341.556,49.666666666666664,1.6555555555555554,154
USER_0207,2019-06-01,2019-07-26,18,2684.552,3.235294117647059,0.10784313725490197,159
USER_0208,2019-11-01,2019-11-03,14,2118.79,0.15384615384615385,0.005128205128205128,59
USER_0209,2019-04-17,2019-12-24,54,7920.753,4.735849056603773,0.15786163522012578,8
USER_0210,2019-07-06,2019-07-06,1,107.10000000000001,,,179
USER_0211,2019-08-14,2019-09-04,10,2487.478,2.3333333333333335,0.07777777777777778,119
USER_0212,2019-01-18,2019-01-18,3,460.98,0.0,0.0,348
USER_0213,2019-12-10,2019-12-10,8,857.653,0.0,0.0,22
USER_0214,2019-04-04,2019-12-24,29,18789.164,9.428571428571429,0.3142857142857143,8
USER_0215,2019-04-07,2019-08-01,2,242.12,116.0,3.8666666666666667,153
USER_0216,2019-01-23,2019-10-17,12,1951.675,24.272727272727273,0.8090909090909091,76
USER_0217,2019-06-09,2019-06-10,30,4037.749,0.034482758620689655,0.0011494252873563218,205
USER_0218,2019-03-29,2019-08-17,18,2057.623,8.294117647058824,0.27647058823529413,137
USER_0219,2019-04-19,2019-04-19,3,207.08,0.0,0.0,257
USER_0220,2019-12-22,2019-12-22,33,6649.914,0.0,0.0,10
USER_0221,2019-01-25,2019-01-26,7,1455.643,0.16666666666666666,0.005555555555555555,340
USER_0222,2019-04-07,2019-04-07,4,396.098,0.0,0.0,269
USER_0223,2019-11-20,2019-12-10,16,3028.892,1.3333333333333333,0.04444444444444444,22
USER_0224,2019-08-17,2019-08-17,1,30.59,,,137
USER_0225,2019-01-30,2019-01-30,1,14.85,,,336
USER_0226,2019-04-29,2019-11-25,78,16591.796,2.727272727272727,0.0909090909090909,37
USER_0227,2019-03-09,2019-09-08,38,4938.844,4.945945945945946,0.16486486486486485,115
USER_0228,2019-10-18,2019-10-18,16,3075.61,0.0,0.0,75
USER_0229,2019-11-24,2019-11-24,2,455.974,0.0,0.0,38
USER_0230,2019-08-07,2019-08-22,25,3245.036,0.625,0.020833333333333332,132
USER_0231,2019-07-14,2019-07-14,5,763.365,0.0,0.0,171
USER_0232,2019-10-26,2019-10-26,36,4767.15,0.0,0.0,67
USER_0233,2019-03-23,2019-03-23,15,3341.22,0.0,0.0,284
USER_0234,2019-03-02,2019-11-13,124,19561.308,2.0813008130081303,0.06937669376693768,49
USER_0235,2019-05-25,2019-05-25,14,1670.778,0.0,0.0,221
USER_0236,2019-08-07,2019-08-07,11,1735.574,0.0,0.0,147
USER_0237,2019-08-01,2019-08-01,10,1031.432,0.0,0.0,153
USER_0238,2019-05-12,2019-10-24,39,5101.784,4.342105263157895,0.14473684210526316,69
USER_0239,2019-03-29,2019-12-13,14,1808.262,19.923076923076923,0.6641025641025641,19
USER_0240,2019-12-20,2019-12-20,13,1932.136,0.0,0.0,12
USER_0241,2019-05-12,2019-09-12,10,326.515,13.666666666666666,0.45555555555555555,111
USER_0242,2019-05-21,2019-05-21,1,37.342,,,225
USER_0243,2019-06-07,2019-06-07,19,2110.832,0.0,0.0,208
USER_0244,2019-05-12,2019-07-26,5,445.21999999999997,18.75,0.625,159
USER_0245,2019-04-21,2019-12-20,42,9220.465,5.926829268292683,0.1975609756097561,12
USER_0246,2019-08-05,2019-08-06,8,1206.938,0.14285714285714285,0.0047619047619047615,148
USER_0247,2019-05-31,2019-05-31,4,461.49,0.0,0.0,215
USER_0248,2019-04-14,2019-04-14,15,1396.681,0.0,0.0,262
USER_0249,2019-08-28,2019-09-13,18,1886.756,0.9411764705882353,0.03137254901960784,110
USER_0250,2019-07-19,2019-07-19,5,424.16099999999994,0.0,0.0,166
USER_0251,2019-01-05,2019-01-05,4,1257.346,0.0,0.0,361
USER_0252,2019-09-18,2019-09-18,18,2434.464,0.0,0.0,105
USER_0253,2019-06-12,2019-06-12,1,46.17,,,203
USER_0254,2019-03-27,2019-08-23,26,16173.976,5.96,0.19866666666666666,131
USER_0255,2019-02-14,2019-05-18,17,2780.278,5.8125,0.19375,228
USER_0256,2019-04-07,2019-04-07,1,71.10000000000001,,,269
USER_0257,2019-08-01,2019-11-15,39,7686.42,2.789473684210526,0.09298245614035087,47
USER_0258,2019-08-25,2019-09-30,6,730.662,7.2,0.24000000000000002,93
USER_0259,2019-01-30,2019-06-05,5,742.146,31.5,1.05,210
USER_0260,2019-07-15,2019-07-15,3,609.251,0.0,0.0,170
USER_0261,2019-01-20,2019-01-20,3,455.54699999999997,0.0,0.0,346
USER_0262,2019-12-23,2019-12-23,22,4011.026,0.0,0.0,9
USER_0263,2019-09-23,2019-10-23,12,2028.285,2.727272727272727,0.0909090909090909,70
USER_0264,2019-07-16,2019-07-16,3,401.78700000000003,0.0,0.0,169
USER_0265,2019-06-13,2019-06-13,8,1132.687,0.0,0.0,202
USER_0266,2019-03-20,2019-07-17,42,6052.261,2.902439024390244,0.09674796747967479,168
USER_0267,2019-05-21,2019-11-27,7,1847.38,31.666666666666668,1.0555555555555556,35
USER_0268,2019-04-19,2019-04-19,8,677.037,0.0,0.0,257
USER_0269,2019-11-13,2019-11-13,10,2238.71,0.0,0.0,49
USER_0270,2019-03-27,2019-07-08,5,570.803,25.75,0.8583333333333333,177
USER_0271,2019-11-17,2019-11-17,7,1240.472,0.0,0.0,45
USER_0272,2019-07-28,2019-07-28,1,139.65,,,157
USER_0273,2019-04-12,2019-07-08,11,1570.026,8.7,0.29,177
USER_0274,2019-01-31,2019-04-08,23,2751.817,3.0454545454545454,0.10151515151515152,268
USER_0275,2019-08-30,2019-08-30,15,2978.156,0.0,0.0,124
USER_0276,2019-12-16,2019-12-16,10,1006.9639999999999,0.0,0.0,16
USER_0277,2019-10-15,2019-11-27,10,2301.08,4.777777777777778,0.15925925925925927,35
USER_0278,2019-07-18,2019-07-18,4,519.722,0.0,0.0,167
USER_0279,2019-01-30,2019-01-30,9,1305.041,0.0,0.0,336
USER_0280,2019-10-27,2019-10-27,3,270.112,0.0,0.0,66
USER_0281,2019-01-03,2019-11-29,42,7109.854,8.048780487804878,0.2682926829268293,33
USER_0282,2019-01-18,2019-06-08,24,3588.054,6.130434782608695,0.2043478260869565,207
USER_0283,2019-06-07,2019-08-02,12,733.297,5.090909090909091,0.1696969696969697,152
USER_0284,2019-01-03,2019-05-21,22,2207.963,6.571428571428571,0.21904761904761905,225
USER_0285,2019-08-11,2019-08-11,13,1430.768,0.0,0.0,143
USER_0286,2019-04-05,2019-09-04,19,2941.72,8.444444444444445,0.2814814814814815,119
USER_0287,2019-06-06,2019-09-18,29,3171.581,3.7142857142857144,0.12380952380952381,105
USER_0288,2019-01-12,2019-12-12,38,7618.2029999999995,9.027027027027026,0.3009009009009009,20
USER_0289,2019-08-16,2019-08-28,3,521.72,6.0,0.2,126
USER_0290,2019-03-16,2019-03-16,1,2.8,,,291
USER_0291,2019-07-12,2019-07-12,3,239.339,0.0,0.0,173
USER_0292,2019-03-21,2019-12-20,76,10159.932,3.6533333333333333,0.12177777777777778,12
USER_0293,2019-01-25,2019-12-12,22,3718.9300000000003,15.285714285714286,0.5095238095238096,20
USER_0294,2019-12-06,2019-12-06,10,973.915,0.0,0.0,26
USER_0295,2019-03-17,2019-06-05,12,1600.841,7.2727272727272725,0.2424242424242424,210
USER_0296,2019-06-03,2019-06-21,11,1259.73,1.8,0.060000000000000005,194
USER_0297,2019-03-06,2019-03-06,8,865.529,0.0,0.0,301
USER_0298,2019-09-26,2019-09-26,1,88.889,,,97
USER_0299,2019-02-16,2019-12-02,21,3229.169,14.45,0.48166666666666663,30
USER_0300,2019-02-01,2019-09-22,20,3352.2039999999997,12.263157894736842,0.4087719298245614,101
USER_0301,2019-04-06,2019-04-06,12,1513.634,0.0,0.0,270
USER_0302,2019-09-08,2019-09-08,1,29.842,,,115
USER_0303,2019-04-07,2019-04-07,4,6290.0070000000005,0.0,0.0,269
USER_0304,2019-06-20,2019-11-14,23,3370.317,6.681818181818182,0.22272727272727272,48
USER_0305,2019-11-17,2019-11-17,1,17.57,,,45
USER_0306,2019-12-19,2019-12-19,8,999.5229999999999,0.0,0.0,13
USER_0307,2019-10-16,2019-10-16,3,1006.29,0.0,0.0,77
USER_0308,2019-11-17,2019-11-17,3,283.314,0.0,0.0,45
USER_0309,2019-03-19,2019-07-11,40,6481.189,2.923076923076923,0.09743589743589744,174
USER_0310,2019-08-11,2019-08-11,8,890.822,0.0,0.0,143
USER_0311,2019-03-21,2019-03-21,10,1351.666,0.0,0.0,286
USER_0312,2019-01-16,2019-12-14,15,1916.188,23.714285714285715,0.7904761904761906,18
USER_0313,2019-03-02,2019-03-02,5,461.746,0.0,0.0,305
USER_0314,2019-12-19,2019-12-19,5,885.873,0.0,0.0,13
USER_0315,2019-12-28,2019-12-29,16,2480.315,0.06666666666666667,0.0022222222222222222,3
USER_0316,2019-08-06,2019-08-07,12,1705.004,0.09090909090909091,0.0030303030303030303,147
USER_0317,2019-03-27,2019-09-04,17,1391.585,10.0625,0.33541666666666664,119
USER_0318,2019-12-02,2019-12-02,13,2747.33,0.0,0.0,30
USER_0319,2019-12-06,2019-12-06,3,362.87,0.0,0.0,26
USER_0320,2019-06-03,2019-06-03,4,1030.959,0.0,0.0,212
USER_0321,2019-08-28,2019-08-28,6,510.91,0.0,0.0,126
USER_0322,2019-10-17,2019-11-27,12,1815.8980000000001,3.727272727272727,0.12424242424242424,35
USER_0323,2019-06-25,2019-06-25,14,1803.328,0.0,0.0,190
USER_0324,2019-07-21,2019-12-10,5,976.788,35.5,1.1833333333333333,22
USER_0325,2019-09-06,2019-09-06,9,907.027,0.0,0.0,117
USER_0326,2019-04-06,2019-04-07,6,484.48,0.2,0.006666666666666667,269
USER_0327,2019-03-04,2019-03-04,5,360.421,0.0,0.0,303
USER_0328,2019-07-31,2019-07-31,9,1333.928,0.0,0.0,154
USER_0329,2019-10-06,2019-10-07,32,4097.541,0.03225806451612903,0.001075268817204301,86
USER_0330,2019-05-08,2019-12-19,31,4087.087,7.5,0.25,13
USER_0331,2019-08-14,2019-08-19,3,212.782,2.5,0.08333333333333333,135
USER_0332,2019-07-18,2019-08-02,44,5659.8279999999995,0.3488372093023256,0.011627906976744186,152
USER_0333,2019-09-18,2019-09-18,1,29.035999999999998,,,105
USER_0334,2019-01-05,2019-12-20,37,5246.657,9.694444444444445,0.32314814814814813,12
USER_0335,2019-09-05,2019-09-06,14,1119.3990000000001,0.07692307692307693,0.002564102564102564,117
USER_0336,2019-10-23,2019-10-23,1,238.0,,,70
USER_0337,2019-01-03,2019-01-03,7,1233.229,0.0,0.0,363
USER_0338,2019-11-20,2019-11-20,23,3821.55,0.0,0.0,42
USER_0339,2019-11-21,2019-11-21,19,2421.45,0.0,0.0,41
USER_0340,2019-01-17,2019-08-01,48,6516.626,4.170212765957447,0.13900709219858157,153
USER_0341,2019-12-22,2019-12-23,30,4272.0869999999995,0.034482758620689655,0.0011494252873563218,9
USER_0342,2019-12-12,2019-12-12,5,962.3589999999999,0.0,0.0,20
USER_0343,2019-10-10,2019-10-11,42,7991.919,0.024390243902439025,0.0008130081300813008,82
USER_0344,2019-01-03,2019-01-03,1,153.71,,,363
USER_0345,2019-01-01,2019-01-01,1,1.24,,,365
USER_0346,2019-08-02,2019-08-02,1,2.79,,,152
USER_0347,2019-11-03,2019-11-03,5,867.9200000000001,0.0,0.0,59
USER_0348,2019-03-20,2019-06-13,8,1534.633,12.142857142857142,0.40476190476190477,202
USER_0349,2019-01-05,2019-08-08,18,1961.657,12.647058823529411,0.4215686274509804,146
USER_0350,2019-07-29,2019-07-30,29,3919.5,0.03571428571428571,0.0011904761904761904,155
USER_0351,2019-01-03,2019-08-16,37,4597.834,6.25,0.20833333333333334,138
USER_0352,2019-03-22,2019-10-05,21,3035.089,9.85,0.3283333333333333,88
USER_0353,2019-01-14,2019-12-13,47,6391.275,7.239130434782608,0.24130434782608695,19
USER_0354,2019-09-05,2019-09-05,22,2870.154,0.0,0.0,118
USER_0355,2019-08-21,2019-12-08,4,212.394,36.333333333333336,1.2111111111111112,24
USER_0356,2019-03-23,2019-03-23,2,302.72799999999995,0.0,0.0,284
USER_0357,2019-05-01,2019-05-01,5,351.414,0.0,0.0,245
USER_0358,2019-01-30,2019-10-11,67,9324.317,3.8484848484848486,0.12828282828282828,82
USER_0359,2019-12-18,2019-12-18,23,2898.132,0.0,0.0,14
USER_0360,2019-05-21,2019-12-06,11,1056.15,19.9,0.6633333333333333,26
USER_0361,2019-03-26,2019-03-26,4,1056.786,0.0,0.0,281
USER_0362,2019-10-21,2019-10-22,31,7974.444,0.03333333333333333,0.0011111111111111111,71
USER_0363,2019-07-14,2019-07-14,2,119.10300000000001,0.0,0.0,171
USER_0364,2019-10-12,2019-12-19,15,2892.109,4.857142857142857,0.16190476190476188,13
USER_0365,2019-12-13,2019-12-13,9,711.757,0.0,0.0,19
USER_0366,2019-06-12,2019-06-12,1,11.892999999999999,,,203
USER_0367,2019-02-16,2019-02-16,2,313.99,0.0,0.0,319
USER_0368,2019-10-30,2019-10-30,5,1066.68,0.0,0.0,63
USER_0369,2019-02-10,2019-02-11,35,6035.832,0.029411764705882353,0.000980392156862745,324
USER_0370,2019-03-28,2019-12-19,18,6581.922,15.647058823529411,0.5215686274509804,13
USER_0371,2019-06-02,2019-06-02,8,1121.1009999999999,0.0,0.0,213
USER_0372,2019-04-07,2019-04-07,1,43.065,,,269
USER_0373,2019-04-12,2019-12-10,24,2671.556,10.521739130434783,0.3507246376811594,22
USER_0374,2019-09-13,2019-09-14,16,2243.234,0.06666666666666667,0.0022222222222222222,109
USER_0375,2019-08-21,2019-09-04,18,3170.94,0.8235294117647058,0.027450980392156862,119
USER_0376,2019-06-28,2019-11-27,40,11403.185,3.8974358974358974,0.12991452991452992,35
USER_0377,2019-12-20,2019-12-20,16,2985.479,0.0,0.0,12
USER_0378,2019-12-15,2019-12-15,3,302.917,0.0,0.0,17
USER_0379,2019-06-22,2019-06-22,10,902.0609999999999,0.0,0.0,193
USER_0380,2019-03-23,2019-03-23,5,1011.0,0.0,0.0,284
USER_0381,2019-12-04,2019-12-04,7,1962.762,0.0,0.0,28
USER_0382,2019-09-14,2019-09-14,1,24.499999999999996,,,109
USER_0383,2019-06-13,2019-11-03,8,1310.699,20.428571428571427,0.6809523809523809,59
USER_0384,2019-12-13,2019-12-13,6,699.489,0.0,0.0,19
USER_0385,2019-09-15,2019-09-15,2,288.685,0.0,0.0,108
USER_0386,2019-10-18,2019-10-18,8,619.3820000000001,0.0,0.0,75
USER_0387,2019-12-26,2019-12-27,14,2787.149,0.07692307692307693,0.002564102564102564,5
USER_0388,2019-07-14,2019-07-14,3,320.575,0.0,0.0,171
USER_0389,2019-09-13,2019-10-05,2,2656.43,22.0,0.7333333333333333,88
USER_0390,2019-12-06,2019-12-12,10,1156.373,0.6666666666666666,0.02222222222222222,20
USER_0391,2019-01-17,2019-02-09,9,869.867,2.875,0.09583333333333334,326
USER_0392,2019-05-22,2019-05-22,2,127.02000000000001,0.0,0.0,224
USER_0393,2019-07-13,2019-07-13,1,7.2,,,172
USER_0394,2019-01-29,2019-01-29,4,448.97,0.0,0.0,337
USER_0395,2019-05-10,2019-05-10,7,948.1080000000001,0.0,0.0,236
USER_0396,2019-03-19,2019-12-26,16,3595.711,18.8,0.6266666666666667,6
USER_0397,2019-04-21,2019-10-04,18,2552.092,9.764705882352942,0.3254901960784314,89
USER_0398,2019-04-17,2019-09-11,30,3912.252,5.068965517241379,0.1689655172413793,112
USER_0399,2019-03-28,2019-09-13,18,8805.803,9.941176470588236,0.33137254901960783,110
USER_0400,2019-04-08,2019-09-18,4,102.166,54.333333333333336,1.8111111111111111,105
USER_0401,2019-08-27,2019-08-27,3,342.332,0.0,0.0,127
USER_0402,2019-05-13,2019-10-03,20,2894.688,7.526315789473684,0.25087719298245614,90
USER_0403,2019-01-09,2019-01-09,6,938.213,0.0,0.0,357
USER_0404,2019-12-02,2019-12-02,4,503.46899999999994,0.0,0.0,30
USER_0405,2019-06-27,2019-06-27,16,1352.853,0.0,0.0,188
USER_0406,2019-04-09,2019-04-10,17,4122.771,0.0625,0.0020833333333333333,266
USER_0407,2019-01-29,2019-09-25,21,2794.652,11.95,0.3983333333333333,98
USER_0408,2019-03-29,2019-07-14,19,3922.47,5.944444444444445,0.19814814814814816,171
USER_0409,2019-04-27,2019-04-27,16,1234.526,0.0,0.0,249
USER_0410,2019-08-24,2019-11-22,38,7086.414,2.4324324324324325,0.08108108108108109,40
USER_0411,2019-12-16,2019-12-17,45,6975.1849999999995,0.022727272727272728,0.0007575757575757576,15
USER_0412,2019-01-04,2019-07-26,4,107.21100000000001,67.66666666666667,2.2555555555555555,159
USER_0413,2019-01-17,2019-08-01,4,242.585,65.33333333333333,2.1777777777777776,153
USER_0414,2019-10-28,2019-10-29,57,10899.85,0.017857142857142856,0.0005952380952380952,64
USER_0415,2019-04-03,2019-11-21,24,3649.444,10.08695652173913,0.33623188405797105,41
USER_0416,2019-05-25,2019-05-31,23,2891.656,0.2727272727272727,0.00909090909090909,215
USER_0417,2019-01-21,2019-10-28,25,3636.6,11.666666666666666,0.3888888888888889,65
USER_0418,2019-05-02,2019-09-28,33,4723.884,4.65625,0.15520833333333334,95
USER_0419,2019-10-11,2019-10-11,10,2028.159,0.0,0.0,82
USER_0420,2019-01-09,2019-01-09,3,1195.675,0.0,0.0,357
USER_0421,2019-03-02,2019-03-02,24,4789.059,0.0,0.0,305
USER_0422,2019-04-25,2019-04-25,19,2316.107,0.0,0.0,251
USER_0423,2019-02-03,2019-07-10,44,6413.971,3.6511627906976742,0.12170542635658914,175
USER_0424,2019-03-09,2019-12-18,73,10959.683,3.9444444444444446,0.13148148148148148,14
USER_0425,2019-10-03,2019-10-03,51,8910.541,0.0,0.0,90
USER_0426,2019-09-20,2019-09-20,1,13.2,,,103
USER_0427,2019-01-17,2019-10-04,26,2662.386,10.4,0.3466666666666667,89
USER_0428,2019-07-06,2019-09-04,34,5931.367,1.8181818181818181,0.0606060606060606,119
USER_0429,2019-09-11,2019-09-11,1,113.47299999999998,,,112
USER_0430,2019-04-30,2019-07-07,9,1002.813,8.5,0.2833333333333333,178
USER_0431,2019-07-06,2019-12-05,7,517.189,25.333333333333332,0.8444444444444444,27
USER_0432,2019-08-27,2019-08-27,5,966.582,0.0,0.0,127
USER_0433,2019-07-08,2019-07-08,1,15.19,,,177
USER_0434,2019-12-12,2019-12-12,13,2004.087,0.0,0.0,20
USER_0435,2019-10-17,2019-10-17,41,10334.744,0.0,0.0,76
USER_0436,2019-11-17,2019-12-18,11,1840.362,3.1,0.10333333333333333,14
USER_0437,2019-01-17,2019-09-09,36,4818.219,6.714285714285714,0.22380952380952382,114
USER_0438,2019-01-15,2019-01-15,21,3448.058,0.0,0.0,351
USER_0439,2019-06-28,2019-11-16,31,9807.998,4.7,0.15666666666666668,46
USER_0440,2019-06-03,2019-06-03,6,628.313,0.0,0.0,212
USER_0441,2019-01-29,2019-12-18,43,7312.548,7.690476190476191,0.2563492063492064,14
USER_0442,2019-05-04,2019-05-04,22,2249.594,0.0,0.0,242
USER_0443,2019-02-23,2019-02-23,13,2361.224,0.0,0.0,312
USER_0444,2019-08-25,2019-08-25,7,1090.26,0.0,0.0,129
USER_0445,2019-08-31,2019-10-05,7,1600.531,5.833333333333333,0.19444444444444445,88
USER_0446,2019-03-20,2019-09-09,8,386.043,24.714285714285715,0.8238095238095239,114
USER_0447,2019-01-23,2019-12-16,41,20127.613999999998,8.175,0.2725,16
USER_0448,2019-08-24,2019-08-24,1,98.4,,,130
USER_0449,2019-12-13,2019-12-13,8,1157.921,0.0,0.0,19
USER_0450,2019-03-06,2019-10-26,26,4482.92,9.36,0.312,67
USER_0451,2019-12-27,2019-12-27,20,3766.374,0.0,0.0,5
USER_0452,2019-06-08,2019-06-08,3,318.366,0.0,0.0,207
USER_0453,2019-04-17,2019-04-17,9,1450.317,0.0,0.0,259
USER_0454,2019-05-22,2019-05-22,1,298.0,,,224
USER_0455,2019-08-19,2019-08-19,8,2200.054,0.0,0.0,135
USER_0456,2019-02-04,2019-07-18,17,3136.058,10.25,0.3416666666666667,167
USER_0457,2019-01-31,2019-01-31,2,61.025000000000006,0.0,0.0,335
USER_0458,2019-03-18,2019-11-21,30,2813.674,8.551724137931034,0.2850574712643678,41
USER_0459,2019-04-05,2019-12-09,11,816.343,24.8,0.8266666666666667,23
USER_0460,2019-06-22,2019-06-22,9,885.756,0.0,0.0,193
USER_0461,2019-07-19,2019-07-19,10,1718.862,0.0,0.0,166
USER_0462,2019-10-09,2019-10-10,22,3624.477,0.047619047619047616,0.0015873015873015873,83
USER_0463,2019-08-14,2019-11-20,12,1640.74,8.909090909090908,0.29696969696969694,42
USER_0464,2019-10-31,2019-12-11,12,1798.97,3.727272727272727,0.12424242424242424,21
USER_0465,2019-01-31,2019-01-31,3,253.85,0.0,0.0,335
USER_0466,2019-01-09,2019-01-09,6,675.781,0.0,0.0,357
USER_0467,2019-09-12,2019-09-12,5,794.9259999999999,0.0,0.0,111
USER_0468,2019-11-12,2019-11-12,3,462.232,0.0,0.0,50
USER_0469,2019-09-14,2019-09-14,5,873.34,0.0,0.0,109
USER_0470,2019-04-10,2019-10-31,14,3357.381,15.692307692307692,0.5230769230769231,62
USER_0471,2019-10-27,2019-10-27,1,200.25,,,66
USER_0472,2019-04-27,2019-04-27,15,2870.55,0.0,0.0,249
USER_0473,2019-10-19,2019-10-19,18,3735.403,0.0,0.0,74
USER_0474,2019-07-27,2019-07-27,10,1084.736,0.0,0.0,158
USER_0475,2019-01-30,2019-01-30,1,15.876,,,336
USER_0476,2019-08-22,2019-08-22,11,1362.07,0.0,0.0,132
USER_0477,2019-03-21,2019-03-21,8,924.2560000000001,0.0,0.0,286
USER_0478,2019-05-12,2019-11-12,12,2877.924,16.727272727272727,0.5575757575757575,50
USER_0479,2019-09-14,2019-09-14,3,406.84000000000003,0.0,0.0,109
USER_0480,2019-03-04,2019-03-04,5,882.871,0.0,0.0,303
USER_0481,2019-08-18,2019-08-18,2,213.0,0.0,0.0,136
USER_0482,2019-05-26,2019-11-29,99,12623.58,1.9081632653061225,0.06360544217687075,33
USER_0483,2019-04-05,2019-11-11,20,2969.6169999999997,11.578947368421053,0.3859649122807018,51
USER_0484,2019-01-04,2019-09-23,36,7041.304,7.485714285714286,0.24952380952380954,100
USER_0485,2019-06-17,2019-12-15,7,702.923,30.166666666666668,1.0055555555555555,17
USER_0486,2019-07-31,2019-12-12,9,3077.619,16.75,0.5583333333333333,20
USER_0487,2019-08-16,2019-10-01,17,2610.832,2.875,0.09583333333333334,92
USER_0488,2019-08-14,2019-08-14,16,1945.8500000000001,0.0,0.0,140
USER_0489,2019-09-01,2019-09-02,31,3858.308,0.03333333333333333,0.0011111111111111111,121
USER_0490,2019-06-21,2019-10-13,17,2786.113,7.125,0.2375,80
USER_0491,2019-10-26,2019-11-03,12,1547.417,0.7272727272727273,0.024242424242424242,59
USER_0492,2019-03-06,2019-06-22,13,1132.09,9.0,0.3,193
USER_0493,2019-04-13,2019-04-13,8,1228.705,0.0,0.0,263
USER_0494,2019-10-12,2019-10-12,8,1409.2,0.0,0.0,81
USER_0495,2019-06-20,2019-06-20,1,132.713,,,195
USER_0496,2019-01-18,2019-04-09,10,1466.903,9.0,0.3,267
USER_0497,2019-10-23,2019-10-23,1,596.29,,,70
USER_0498,2019-01-20,2019-01-20,21,3355.159,0.0,0.0,346
USER_0499,2019-01-30,2019-08-11,34,3395.724,5.848484848484849,0.19494949494949496,143
USER_0500,2019-02-08,2019-02-08,24,4032.706,0.0,0.0,327
USER_0501,2019-06-02,2019-11-21,12,1683.633,15.636363636363637,0.5212121212121212,41
USER_0502,2019-03-02,2019-09-06,23,3212.6,8.545454545454545,0.28484848484848485,117
USER_0503,2019-03-16,2019-10-19,11,2181.4610000000002,21.7,0.7233333333333333,74
USER_0504,2019-12-31,2019-12-31,6,1048.75,0.0,0.0,1
USER_0505,2019-12-11,2019-12-11,8,552.351,0.0,0.0,21
USER_0506,2019-05-09,2019-05-09,5,2034.266,0.0,0.0,237
USER_0507,2019-06-14,2019-06-14,4,231.796,0.0,0.0,201
USER_0508,2019-05-29,2019-09-18,45,9309.515,2.5454545454545454,0.08484848484848485,105
USER_0509,2019-04-24,2019-04-25,8,1429.233,0.14285714285714285,0.0047619047619047615,251
USER_0510,2019-06-07,2019-11-27,24,3482.0480000000002,7.521739130434782,0.25072463768115943,35
USER_0511,2019-09-18,2019-09-18,8,1047.596,0.0,0.0,105
USER_0512,2019-04-11,2019-04-11,2,152.869,0.0,0.0,265
USER_0513,2019-12-30,2019-12-31,5,444.708,0.25,0.008333333333333333,1
USER_0514,2019-10-13,2019-10-13,17,2739.618,0.0,0.0,80
USER_0515,2019-04-14,2019-11-06,15,4923.307,14.714285714285714,0.49047619047619045,56
USER_0516,2019-04-19,2019-10-03,2,20.79,167.0,5.566666666666666,90
USER_0517,2019-11-04,2019-12-03,20,3701.14,1.5263157894736843,0.050877192982456146,29
USER_0518,2019-01-29,2019-12-14,16,1669.677,21.266666666666666,0.7088888888888889,18
USER_0519,2019-05-02,2019-05-02,8,633.3140000000001,0.0,0.0,244
USER_0520,2019-01-24,2019-01-25,28,5865.722,0.037037037037037035,0.0012345679012345679,341
USER_0521,2019-10-06,2019-10-06,3,800.546,0.0,0.0,87
USER_0522,2019-12-11,2019-12-11,1,1408.4399999999998,,,21
USER_0523,2019-12-12,2019-12-12,2,333.93199999999996,0.0,0.0,20
USER_0524,2019-07-17,2019-12-25,39,7263.986,4.2368421052631575,0.1412280701754386,7
USER_0525,2019-01-23,2019-12-21,11,1752.027,33.2,1.1066666666666667,11
USER_0526,2019-11-29,2019-11-29,9,2476.352,0.0,0.0,33
USER_0527,2019-07-01,2019-08-08,28,5471.585,1.4074074074074074,0.04691358024691358,146
USER_0528,2019-04-14,2019-04-14,5,329.62600000000003,0.0,0.0,262
USER_0529,2019-03-12,2019-03-13,11,1321.9679999999998,0.1,0.0033333333333333335,294
USER_0530,2019-01-20,2019-01-21,3,512.223,0.5,0.016666666666666666,345
USER_0531,2019-01-13,2019-12-04,3,653.788,162.5,5.416666666666667,28
USER_0532,2019-12-19,2019-12-19,19,2344.139,0.0,0.0,13
USER_0533,2019-05-14,2019-05-14,6,595.352,0.0,0.0,232
USER_0534,2019-10-12,2019-10-12,4,890.2,0.0,0.0,81
USER_0535,2019-11-26,2019-12-01,21,4335.74,0.25,0.008333333333333333,31
USER_0536,2019-05-11,2019-08-04,94,9898.231,0.9139784946236559,0.03046594982078853,150
USER_0537,2019-02-27,2019-02-27,30,5588.078,0.0,0.0,308
USER_0538,2019-08-25,2019-08-25,10,1106.762,0.0,0.0,129
USER_0539,2019-05-23,2019-05-23,7,850.996,0.0,0.0,223
USER_0540,2019-05-21,2019-09-11,18,1863.4379999999999,6.647058823529412,0.2215686274509804,112
USER_0541,2019-01-02,2019-11-29,84,14785.199,3.9879518072289155,0.13293172690763053,33
USER_0542,2019-07-13,2019-11-22,11,1713.041,13.2,0.44,40
USER_0543,2019-07-13,2019-07-13,6,1270.678,0.0,0.0,172
USER_0544,2019-10-20,2019-10-23,22,4830.47,0.14285714285714285,0.0047619047619047615,70
USER_0545,2019-12-19,2019-12-19,10,1349.147,0.0,0.0,13
USER_0546,2019-10-16,2019-11-14,42,11943.82,0.7073170731707317,0.02357723577235772,48
USER_0547,2019-04-27,2019-10-20,10,2588.76,19.555555555555557,0.6518518518518519,73
USER_0548,2019-05-15,2019-05-15,26,3936.07,0.0,0.0,231
USER_0549,2019-10-27,2019-10-27,2,313.99,0.0,0.0,66
USER_0550,2019-12-08,2019-12-08,29,6106.822,0.0,0.0,24
USER_0551,2019-07-19,2019-07-19,6,722.664,0.0,0.0,166
USER_0552,2019-06-24,2019-12-21,13,1771.389,15.0,0.5,11
USER_0553,2019-05-16,2019-05-16,17,1561.132,0.0,0.0,230
USER_0554,2019-09-26,2019-09-26,43,4797.956,0.0,0.0,97
USER_0555,2019-01-31,2019-01-31,36,6459.474,0.0,0.0,335
USER_0556,2019-01-30,2019-01-30,1,53.847,,,336
USER_0557,2019-05-04,2019-05-04,19,2264.758,0.0,0.0,242
USER_0558,2019-08-23,2019-12-07,57,9355.163,1.8928571428571428,0.0630952380952381,25
USER_0559,2019-02-02,2019-02-02,1,151.71000000000004,,,333
USER_0560,2019-01-10,2019-01-11,25,4449.342,0.041666666666666664,0.0013888888888888887,355
USER_0561,2019-11-23,2019-11-23,5,643.99,0.0,0.0,39
USER_0562,2019-12-31,2019-12-31,2,724.68,0.0,0.0,1
USER_0563,2019-01-16,2019-12-31,289,52624.824,1.2118055555555556,0.040393518518518516,1
USER_0564,2019-05-11,2019-05-11,1,5.59,,,235
USER_0565,2019-10-31,2019-10-31,1,119.0,,,62
USER_0566,2019-04-07,2019-07-27,3,522.631,55.5,1.85,158
USER_0567,2019-06-16,2019-06-16,11,3143.449,0.0,0.0,199
USER_0568,2019-01-30,2019-05-19,12,1632.578,9.909090909090908,0.33030303030303027,227
USER_0569,2019-12-05,2019-12-05,4,575.971,0.0,0.0,27
USER_0570,2019-05-16,2019-06-20,22,2882.082,1.6666666666666667,0.05555555555555556,195
USER_0571,2019-06-22,2019-07-12,10,1085.19,2.2222222222222223,0.07407407407407408,173
USER_0572,2019-07-05,2019-10-02,114,20024.071,0.7876106194690266,0.026253687315634218,91
USER_0573,2019-07-23,2019-07-23,17,2232.233,0.0,0.0,162
USER_0574,2019-09-13,2019-09-13,33,4489.476,0.0,0.0,110
USER_0575,2019-11-19,2019-11-19,21,5212.738,0.0,0.0,43
USER_0576,2019-11-15,2019-11-15,18,3740.668,0.0,0.0,47
USER_0577,2019-12-11,2019-12-11,12,4609.344,0.0,0.0,21
USER_0578,2019-03-13,2019-09-12,71,25777.666999999998,2.6142857142857143,0.08714285714285715,111
USER_0579,2019-08-18,2019-08-19,43,5500.446,0.023809523809523808,0.0007936507936507937,135
USER_0580,2019-08-06,2019-08-06,16,2141.11,0.0,0.0,148
USER_0581,2019-03-21,2019-03-21,7,1503.145,0.0,0.0,286
USER_0582,2019-01-31,2019-01-31,1,138.339,,,335
USER_0583,2019-02-02,2019-10-22,38,6805.386,7.081081081081081,0.236036036036036,71
USER_0584,2019-05-08,2019-05-08,24,2864.28,0.0,0.0,238
USER_0585,2019-01-01,2019-11-29,38,7016.908,8.972972972972974,0.2990990990990991,33
USER_0586,2019-10-04,2019-10-14,18,5079.491,0.5882352941176471,0.0196078431372549,79
USER_0587,2019-01-13,2019-09-15,26,3203.959,9.8,0.3266666666666667,108
USER_0588,2019-11-09,2019-11-09,38,7476.448,0.0,0.0,53
USER_0589,2019-04-21,2019-11-16,41,7155.759,5.225,0.17416666666666666,46
USER_0590,2019-03-07,2019-05-24,8,1410.095,11.142857142857142,0.3714285714285714,222
USER_0591,2019-06-18,2019-11-21,17,2368.232,9.75,0.325,41
USER_0592,2019-04-21,2019-09-30,49,6727.092,3.375,0.1125,93
USER_0593,2019-08-24,2019-08-24,7,451.412,0.0,0.0,130
USER_0594,2019-02-06,2019-06-23,41,5830.2880000000005,3.425,0.11416666666666667,192
USER_0595,2019-01-07,2019-01-08,42,7849.128,0.024390243902439025,0.0008130081300813008,358
USER_0596,2019-07-18,2019-07-18,5,275.694,0.0,0.0,167
USER_0597,2019-03-20,2019-11-03,72,9866.694,3.211267605633803,0.10704225352112677,59
USER_0598,2019-06-20,2019-12-14,19,2719.221,9.833333333333334,0.3277777777777778,18
USER_0599,2019-07-12,2019-07-12,2,133.642,0.0,0.0,173
USER_0600,2019-11-11,2019-11-11,9,1971.982,0.0,0.0,51
USER_0601,2019-03-24,2019-07-23,11,857.881,12.1,0.4033333333333333,162
USER_0602,2019-01-17,2019-05-14,8,1246.577,16.714285714285715,0.5571428571428572,232
USER_0603,2019-03-28,2019-12-03,9,1671.384,31.25,1.0416666666666667,29
USER_0604,2019-03-04,2019-08-23,19,1434.008,9.555555555555555,0.31851851851851853,131
USER_0605,2019-08-10,2019-08-10,18,2447.178,0.0,0.0,144
USER_0606,2019-08-09,2019-08-09,3,795.9340000000001,0.0,0.0,145
USER_0607,2019-01-18,2019-04-18,5,735.98,22.5,0.75,258
USER_0608,2019-06-26,2019-09-20,33,4473.271,2.6875,0.08958333333333333,103
USER_0609,2019-09-28,2019-09-29,9,853.734,0.125,0.004166666666666667,94
USER_0610,2019-01-29,2019-01-29,9,1345.193,0.0,0.0,337
USER_0611,2019-11-29,2019-11-29,19,2748.632,0.0,0.0,33
USER_0612,2019-06-20,2019-06-20,1,28.78,,,195
USER_0613,2019-12-21,2019-12-21,15,2504.949,0.0,0.0,11
USER_0614,2019-09-27,2019-10-03,20,7608.782999999999,0.3157894736842105,0.010526315789473684,90
USER_0615,2019-10-13,2019-10-13,3,440.84100000000007,0.0,0.0,80
USER_0616,2019-09-26,2019-09-26,3,229.43,0.0,0.0,97
USER_0617,2019-08-12,2019-08-12,5,716.168,0.0,0.0,142
USER_0618,2019-03-27,2019-10-12,80,13401.633,2.518987341772152,0.0839662447257384,81
USER_0619,2019-12-14,2019-12-14,5,1123.29,0.0,0.0,18
USER_0620,2019-02-13,2019-08-08,73,9768.94,2.4444444444444446,0.08148148148148149,146
USER_0621,2019-11-22,2019-11-22,15,2827.916,0.0,0.0,40
USER_0622,2019-02-15,2019-12-28,24,4097.816,13.73913043478261,0.4579710144927536,4
USER_0623,2019-02-14,2019-02-15,25,2637.422,0.041666666666666664,0.0013888888888888887,320
USER_0624,2019-03-27,2019-03-27,1,321.3,,,280
USER_0625,2019-03-08,2019-06-14,11,1835.4820000000002,9.8,0.3266666666666667,201
USER_0626,2019-08-02,2019-08-02,3,233.87,0.0,0.0,152
USER_0627,2019-01-28,2019-06-12,19,4397.985,7.5,0.25,203
USER_0628,2019-06-13,2019-06-13,11,2109.397,0.0,0.0,202
USER_0629,2019-12-27,2019-12-27,2,163.07999999999998,0.0,0.0,5
USER_0630,2019-01-05,2019-11-03,31,4540.849,10.066666666666666,0.33555555555555555,59
USER_0631,2019-03-19,2019-12-06,12,1287.829,23.818181818181817,0.7939393939393938,26
USER_0632,2019-01-30,2019-01-30,1,31.33,,,336
USER_0633,2019-04-07,2019-04-07,1,15.19,,,269
USER_0634,2019-03-06,2019-08-07,8,708.1750000000001,22.0,0.7333333333333333,147
USER_0635,2019-05-25,2019-05-25,8,767.866,0.0,0.0,221
USER_0636,2019-06-15,2019-06-15,6,867.182,0.0,0.0,200
USER_0637,2019-08-06,2019-08-06,7,462.46000000000004,0.0,0.0,148
USER_0638,2019-09-30,2019-09-30,1,74.8,,,93
USER_0639,2019-04-13,2019-04-14,19,3261.026,0.05555555555555555,0.0018518518518518517,262
USER_0640,2019-02-08,2019-09-12,9,1466.961,27.0,0.9,111
USER_0641,2019-01-18,2019-05-24,25,4114.7119999999995,5.25,0.175,222
USER_0642,2019-03-20,2019-05-24,20,4272.564,3.4210526315789473,0.11403508771929824,222
USER_0643,2019-01-11,2019-12-21,276,46131.746,1.250909090909091,0.0416969696969697,11
USER_0644,2019-06-09,2019-06-09,7,585.092,0.0,0.0,206
USER_0645,2019-09-24,2019-09-24,7,1980.396,0.0,0.0,99
USER_0646,2019-04-13,2019-04-13,3,700.184,0.0,0.0,263
USER_0647,2019-07-13,2019-07-13,1,37.98,,,172
USER_0648,2019-03-29,2019-04-29,7,525.052,5.166666666666667,0.17222222222222222,247
USER_0649,2019-05-24,2019-08-01,18,2904.076,4.0588235294117645,0.13529411764705881,153
USER_0650,2019-11-09,2019-11-09,4,1132.472,0.0,0.0,53
USER_0651,2019-09-08,2019-09-08,10,765.736,0.0,0.0,115
USER_0652,2019-08-27,2019-10-31,29,4252.558,2.3214285714285716,0.07738095238095238,62
USER_0653,2019-06-23,2019-06-24,32,3919.911,0.03225806451612903,0.001075268817204301,191
USER_0654,2019-04-13,2019-04-13,1,297.34,,,263
USER_0655,2019-03-21,2019-07-20,23,2844.578,5.5,0.18333333333333332,165
USER_0656,2019-04-06,2019-12-13,70,9806.974,3.63768115942029,0.121256038647343,19
USER_0657,2019-01-08,2019-01-09,30,5141.519,0.034482758620689655,0.0011494252873563218,357
USER_0658,2019-03-20,2019-03-20,1,243.46,,,287
USER_0659,2019-03-19,2019-03-30,19,3225.496,0.6111111111111112,0.020370370370370372,277
USER_0660,2019-02-24,2019-09-18,41,5792.715,5.15,0.1716666666666667,105
USER_0661,2019-03-22,2019-03-27,19,3977.68,0.2777777777777778,0.00925925925925926,280
USER_0662,2019-03-10,2019-03-10,7,776.363,0.0,0.0,297
USER_0663,2019-04-04,2019-04-05,18,1634.6029999999998,0.058823529411764705,0.00196078431372549,271
USER_0664,2019-09-01,2019-09-01,14,2848.88,0.0,0.0,122
USER_0665,2019-07-11,2019-07-25,35,5548.774,0.4117647058823529,0.013725490196078431,160
USER_0666,2019-02-11,2019-02-12,23,2235.998,0.045454545454545456,0.0015151515151515152,323
USER_0667,2019-03-05,2019-12-05,148,24866.373,1.870748299319728,0.062358276643990934,27
USER_0668,2019-05-10,2019-08-16,52,7831.167,1.9215686274509804,0.06405228758169935,138
USER_0669,2019-07-24,2019-12-12,21,3624.628,7.05,0.235,20
USER_0670,2019-03-07,2019-03-07,5,748.204,0.0,0.0,300
USER_0671,2019-10-17,2019-10-17,19,2958.585,0.0,0.0,76
USER_0672,2019-11-16,2019-11-16,17,2746.102,0.0,0.0,46
USER_0673,2019-12-02,2019-12-03,33,5439.346,0.03125,0.0010416666666666667,29
USER_0674,2019-08-08,2019-10-06,16,2186.253,3.933333333333333,0.1311111111111111,87
USER_0675,2019-01-26,2019-10-27,80,14341.856,3.4683544303797467,0.11561181434599156,66
USER_0676,2019-06-11,2019-06-11,7,318.269,0.0,0.0,204
USER_0677,2019-01-19,2019-01-19,1,184.47299999999998,,,347
USER_0678,2019-03-08,2019-10-16,30,4181.031,7.655172413793103,0.25517241379310346,77
USER_0679,2019-04-11,2019-11-20,17,3971.199,13.9375,0.46458333333333335,42
USER_0680,2019-03-26,2019-03-26,4,441.379,0.0,0.0,281
USER_0681,2019-12-25,2019-12-26,15,2267.774,0.07142857142857142,0.0023809523809523807,6
USER_0682,2019-01-30,2019-07-23,17,3045.85,10.875,0.3625,162
USER_0683,2019-01-01,2019-08-30,6,819.4040000000001,48.2,1.6066666666666667,124
USER_0684,2019-06-07,2019-08-01,4,213.156,18.333333333333332,0.611111111111111,153
USER_0685,2019-01-24,2019-12-09,12,1177.599,29.0,0.9666666666666667,23
USER_0686,2019-10-20,2019-10-20,9,1707.27,0.0,0.0,73
USER_0687,2019-01-20,2019-01-20,9,2489.676,0.0,0.0,346
USER_0688,2019-08-03,2019-08-03,4,231.464,0.0,0.0,151
USER_0689,2019-11-29,2019-11-29,10,3058.852,0.0,0.0,33
USER_0690,2019-06-18,2019-06-28,24,2694.053,0.43478260869565216,0.014492753623188406,187
USER_0691,2019-05-20,2019-11-18,51,7299.799,3.64,0.12133333333333333,44
USER_0692,2019-06-27,2019-06-27,3,333.503,0.0,0.0,188
USER_0693,2019-07-18,2019-07-18,5,361.493,0.0,0.0,167
USER_0694,2019-01-11,2019-01-11,12,2063.589,0.0,0.0,355
USER_0695,2019-10-07,2019-10-08,14,2444.1,0.07692307692307693,0.002564102564102564,85
USER_0696,2019-08-25,2019-09-22,3,96.46,14.0,0.4666666666666667,101
USER_0697,2019-09-30,2019-09-30,1,451.776,,,93
USER_0698,2019-05-02,2019-10-16,26,3496.0460000000003,6.68,0.22266666666666665,77
USER_0699,2019-03-24,2019-03-24,6,510.48,0.0,0.0,283
USER_0700,2019-04-16,2019-05-24,2,59.17999999999999,38.0,1.2666666666666666,222
USER_0701,2019-08-18,2019-11-29,7,1375.842,17.166666666666668,0.5722222222222223,33
USER_0702,2019-04-19,2019-04-19,9,894.259,0.0,0.0,257
USER_0703,2019-03-16,2019-12-02,55,20768.069,4.833333333333333,0.1611111111111111,30
USER_0704,2019-06-22,2019-08-22,3,44.096,30.5,1.0166666666666666,132
USER_0705,2019-12-26,2019-12-26,1,141.67000000000002,,,6
USER_0706,2019-12-07,2019-12-07,6,136.756,0.0,0.0,25
USER_0707,2019-06-27,2019-06-27,7,320.246,0.0,0.0,188
USER_0708,2019-07-12,2019-07-12,1,48.388000000000005,,,173
USER_0709,2019-04-20,2019-04-20,8,1038.168,0.0,0.0,256
USER_0710,2019-08-31,2019-10-22,9,560.334,6.5,0.21666666666666667,71
USER_0711,2019-11-03,2019-11-03,2,246.944,0.0,0.0,59
USER_0712,2019-10-19,2019-10-20,15,2392.207,0.07142857142857142,0.0023809523809523807,73
USER_0713,2019-02-17,2019-04-05,5,288.555,11.75,0.39166666666666666,271
USER_0714,2019-10-17,2019-10-17,5,895.3000000000001,0.0,0.0,76
USER_0715,2019-05-04,2019-06-20,9,259.279,5.875,0.19583333333333333,195
USER_0716,2019-12-12,2019-12-12,7,787.793,0.0,0.0,20
USER_0717,2019-11-03,2019-11-03,5,996.696,0.0,0.0,59
USER_0718,2019-01-16,2019-12-19,34,6150.264,10.212121212121213,0.34040404040404043,13
USER_0719,2019-01-31,2019-12-04,11,1952.887,30.7,1.0233333333333332,28
USER_0720,2019-06-13,2019-06-13,6,185.353,0.0,0.0,202
USER_0721,2019-01-20,2019-01-20,9,1569.441,0.0,0.0,346
USER_0722,2019-09-27,2019-09-27,9,1586.483,0.0,0.0,96
USER_0723,2019-07-23,2019-07-23,4,626.06,0.0,0.0,162
USER_0724,2019-12-13,2019-12-13,8,769.9849999999999,0.0,0.0,19
USER_0725,2019-04-17,2019-07-26,16,3525.087,6.666666666666667,0.22222222222222224,159
USER_0726,2019-04-19,2019-07-06,7,1568.327,13.0,0.43333333333333335,179
USER_0727,2019-08-16,2019-10-05,27,3249.728,1.9230769230769231,0.06410256410256411,88
USER_0728,2019-04-17,2019-04-17,10,2159.962,0.0,0.0,259
USER_0729,2019-06-11,2019-09-04,7,462.385,14.166666666666666,0.4722222222222222,119
USER_0730,2019-01-01,2019-10-14,13,885.858,23.833333333333332,0.7944444444444444,79
USER_0731,2019-09-09,2019-09-10,30,6037.656,0.034482758620689655,0.0011494252873563218,113
USER_0732,2019-04-06,2019-09-20,17,1783.021,10.4375,0.34791666666666665,103
USER_0733,2019-01-29,2019-01-29,1,322.49699999999996,,,337
USER_0734,2019-03-07,2019-03-07,17,2661.263,0.0,0.0,300
USER_0735,2019-03-06,2019-03-06,3,249.273,0.0,0.0,301
USER_0736,2019-01-02,2019-12-19,291,73054.822,1.210344827586207,0.0403448275862069,13
USER_0737,2019-07-06,2019-07-07,5,510.065,0.25,0.008333333333333333,178
USER_0738,2019-09-09,2019-09-09,1,44.0,,,114
USER_0739,2019-08-14,2019-08-14,10,1579.208,0.0,0.0,140
USER_0740,2019-04-19,2019-04-19,1,62.034000000000006,,,257
USER_0741,2019-02-15,2019-04-06,17,2362.002,3.125,0.10416666666666667,270
USER_0742,2019-10-23,2019-10-23,32,4904.024,0.0,0.0,70
USER_0743,2019-08-17,2019-08-17,7,600.846,0.0,0.0,137
USER_0744,2019-04-07,2019-04-07,2,71.59,0.0,0.0,269
USER_0745,2019-01-10,2019-01-10,3,549.7529999999999,0.0,0.0,356
USER_0746,2019-02-11,2019-02-14,24,20329.612,0.13043478260869565,0.004347826086956522,321
USER_0747,2019-03-20,2019-03-20,4,959.769,0.0,0.0,287
USER_0748,2019-03-14,2019-05-24,58,8268.073,1.2456140350877194,0.04152046783625731,222
USER_0749,2019-04-11,2019-12-03,69,10111.281,3.4705882352941178,0.11568627450980393,29
USER_0750,2019-05-12,2019-05-12,5,424.124,0.0,0.0,234
USER_0751,2019-01-22,2019-01-22,2,996.1590000000001,0.0,0.0,344
USER_0752,2019-11-20,2019-11-20,9,1908.3700000000001,0.0,0.0,42
USER_0753,2019-06-20,2019-06-20,6,1174.772,0.0,0.0,195
USER_0754,2019-08-17,2019-08-17,2,61.674,0.0,0.0,137
USER_0755,2019-02-07,2019-10-30,16,2259.335,17.666666666666668,0.5888888888888889,63
USER_0756,2019-06-16,2019-09-28,62,9275.564,1.7049180327868851,0.05683060109289617,95
USER_0757,2019-04-19,2019-04-19,1,313.53,,,257
USER_0758,2019-01-30,2019-06-05,13,1445.038,10.5,0.35,210
USER_0759,2019-06-01,2019-06-21,10,1432.411,2.2222222222222223,0.07407407407407408,194
USER_0760,2019-06-16,2019-06-16,15,2452.5699999999997,0.0,0.0,199
USER_0761,2019-09-15,2019-09-15,6,813.17,0.0,0.0,108
USER_0762,2019-11-24,2019-11-25,38,6739.68,0.02702702702702703,0.0009009009009009009,37
USER_0763,2019-12-13,2019-12-13,2,530.707,0.0,0.0,19
USER_0764,2019-09-28,2019-09-30,4,290.33299999999997,0.6666666666666666,0.02222222222222222,93
USER_0765,2019-02-24,2019-03-15,33,5766.05,0.59375,0.019791666666666666,292
USER_0766,2019-10-08,2019-10-08,24,3042.535,0.0,0.0,85
USER_0767,2019-08-27,2019-08-27,5,630.162,0.0,0.0,127
USER_0768,2019-11-27,2019-11-27,21,4547.71,0.0,0.0,35
USER_0769,2019-05-10,2019-05-10,11,1546.408,0.0,0.0,236
USER_0770,2019-06-11,2019-06-11,12,1243.772,0.0,0.0,204
USER_0771,2019-07-10,2019-07-11,33,5974.246,0.03125,0.0010416666666666667,174
USER_0772,2019-07-24,2019-07-25,68,12368.155,0.014925373134328358,0.0004975124378109452,160
USER_0773,2019-02-10,2019-10-05,11,1340.42,23.7,0.7899999999999999,88
USER_0774,2019-05-23,2019-05-23,1,2.3920000000000003,,,223
USER_0775,2019-06-13,2019-06-13,5,196.579,0.0,0.0,202
USER_0776,2019-01-09,2019-08-07,12,2263.32,19.09090909090909,0.6363636363636364,147
USER_0777,2019-10-12,2019-11-27,9,1628.131,5.75,0.19166666666666668,35
USER_0778,2019-03-21,2019-10-14,85,10202.472,2.4642857142857144,0.08214285714285714,79
USER_0779,2019-03-01,2019-03-16,22,3757.518,0.7142857142857143,0.02380952380952381,291
USER_0780,2019-05-03,2019-05-03,39,3309.5260000000003,0.0,0.0,243
USER_0781,2019-08-28,2019-08-28,1,19.19,,,126
USER_0782,2019-06-06,2019-06-06,4,126.218,0.0,0.0,209
USER_0783,2019-01-03,2019-11-08,18,4301.072,18.176470588235293,0.6058823529411764,54
USER_0784,2019-04-30,2019-05-25,52,6092.485,0.49019607843137253,0.016339869281045753,221
USER_0785,2019-08-19,2019-10-23,28,3680.9610000000002,2.4074074074074074,0.08024691358024691,70
USER_0786,2019-01-09,2019-01-09,36,7612.843,0.0,0.0,357
USER_0787,2019-07-09,2019-11-18,17,2765.22,8.25,0.275,44
USER_0788,2019-03-30,2019-09-27,42,7310.358,4.414634146341464,0.14715447154471545,96
USER_0789,2019-06-20,2019-06-21,29,5458.749,0.03571428571428571,0.0011904761904761904,194
USER_0790,2019-04-19,2019-09-05,30,3262.6099999999997,4.793103448275862,0.15977011494252874,118
USER_0791,2019-01-22,2019-01-22,15,1949.433,0.0,0.0,344
USER_0792,2019-02-10,2019-02-10,12,3269.956,0.0,0.0,325
USER_0793,2019-05-08,2019-11-19,48,7125.19,4.148936170212766,0.1382978723404255,43
USER_0794,2019-11-13,2019-11-22,33,8335.874,0.28125,0.009375,40
USER_0795,2019-02-28,2019-05-15,49,5308.939,1.5833333333333333,0.05277777777777778,231
USER_0796,2019-07-14,2019-07-14,1,79.0,,,171
USER_0797,2019-06-14,2019-06-14,6,1257.318,0.0,0.0,201
USER_0798,2019-08-19,2019-08-19,1,181.52,,,135
USER_0799,2019-02-20,2019-09-01,57,15991.909,3.4464285714285716,0.11488095238095239,122
USER_0800,2019-01-27,2019-06-16,64,9526.84,2.2222222222222223,0.07407407407407408,199
USER_0801,2019-11-22,2019-11-23,18,3559.752,0.058823529411764705,0.00196078431372549,39
USER_0802,2019-04-06,2019-07-11,17,2552.128,6.0,0.2,174
USER_0803,2019-07-14,2019-07-14,2,598.9200000000001,0.0,0.0,171
USER_0804,2019-12-11,2019-12-11,6,1223.7759999999998,0.0,0.0,21
USER_0805,2019-04-20,2019-11-08,18,2929.221,11.882352941176471,0.39607843137254906,54
USER_0806,2019-01-18,2019-11-14,88,15758.543000000001,3.4482758620689653,0.11494252873563218,48
USER_0807,2019-03-18,2019-12-01,12,1289.974,23.454545454545453,0.7818181818181817,31
USER_0808,2019-01-10,2019-01-10,9,2177.902,0.0,0.0,356
USER_0809,2019-09-22,2019-09-22,4,369.029,0.0,0.0,101
USER_0810,2019-08-03,2019-08-03,6,773.81,0.0,0.0,151
USER_0811,2019-08-08,2019-08-08,1,95.99,,,146
USER_0812,2019-06-12,2019-08-30,20,3577.947,4.157894736842105,0.1385964912280702,124
USER_0813,2019-06-19,2019-06-19,13,1055.7,0.0,0.0,196
USER_0814,2019-08-30,2019-08-30,7,844.784,0.0,0.0,124
USER_0815,2019-03-27,2019-03-27,14,1995.723,0.0,0.0,280
USER_0816,2019-01-26,2019-08-17,47,9174.957,4.413043478260869,0.1471014492753623,137
USER_0817,2019-06-09,2019-06-09,7,1136.877,0.0,0.0,206
USER_0818,2019-01-29,2019-01-29,13,1653.726,0.0,0.0,337
USER_0819,2019-03-19,2019-08-04,2,82.35,138.0,4.6,150
USER_0820,2019-01-18,2019-12-18,17,4240.157999999999,20.875,0.6958333333333333,14
USER_0821,2019-04-11,2019-04-11,6,551.2860000000001,0.0,0.0,265
USER_0822,2019-07-21,2019-11-01,5,1254.6,25.75,0.8583333333333333,61
USER_0823,2019-06-12,2019-06-12,1,288.8,,,203
USER_0824,2019-09-07,2019-09-07,17,1857.574,0.0,0.0,116
USER_0825,2019-04-06,2019-04-06,14,2142.039,0.0,0.0,270
USER_0826,2019-08-29,2019-12-07,22,5148.001,4.761904761904762,0.15873015873015872,25
USER_0827,2019-05-12,2019-05-12,2,870.972,0.0,0.0,234
USER_0828,2019-01-16,2019-12-06,12,2253.59,29.454545454545453,0.9818181818181818,26
USER_0829,2019-09-08,2019-11-21,28,3232.582,2.740740740740741,0.09135802469135804,41
USER_0830,2019-02-10,2019-11-25,47,7456.48,6.260869565217392,0.20869565217391306,37
USER_0831,2019-04-07,2019-05-24,5,987.963,11.75,0.39166666666666666,222
USER_0832,2019-02-16,2019-02-17,22,2046.55,0.047619047619047616,0.0015873015873015873,318
USER_0833,2019-07-27,2019-12-18,95,14831.572,1.5319148936170213,0.05106382978723404,14
USER_0834,2019-04-26,2019-04-26,22,3500.27,0.0,0.0,250
USER_0835,2019-06-11,2019-08-25,37,6225.51,2.0833333333333335,0.06944444444444445,129
USER_0836,2019-01-25,2019-01-25,4,307.181,0.0,0.0,341
USER_0837,2019-01-22,2019-11-28,15,1902.908,22.142857142857142,0.738095238095238,34
USER_0838,2019-08-19,2019-08-19,5,603.7,0.0,0.0,135
USER_0839,2019-03-28,2019-04-18,12,1765.6879999999999,1.9090909090909092,0.06363636363636364,258
USER_0840,2019-01-17,2019-01-17,8,1598.801,0.0,0.0,349
USER_0841,2019-06-20,2019-06-20,1,47.334,,,195
USER_0842,2019-02-08,2019-08-06,6,752.572,35.8,1.1933333333333331,148
USER_0843,2019-05-21,2019-10-28,6,557.146,32.0,1.0666666666666667,65
USER_0844,2019-06-26,2019-06-26,9,1651.183,0.0,0.0,189
USER_0845,2019-12-31,2019-12-31,3,729.3589999999999,0.0,0.0,1
USER_0846,2019-06-19,2019-06-19,13,1970.2179999999998,0.0,0.0,196
USER_0847,2019-10-17,2019-10-17,1,179.1,,,76
USER_0848,2019-08-11,2019-08-11,8,937.6659999999999,0.0,0.0,143
USER_0849,2019-04-22,2019-04-22,6,1598.77,0.0,0.0,254
USER_0850,2019-02-22,2019-12-30,123,18614.373,2.5491803278688523,0.0849726775956284,2
USER_0851,2019-04-19,2019-06-28,12,1062.344,6.363636363636363,0.2121212121212121,187
USER_0852,2019-10-29,2019-10-29,2,348.0,0.0,0.0,64
USER_0853,2019-10-13,2019-10-14,9,1668.837,0.125,0.004166666666666667,79
USER_0854,2019-06-08,2019-06-08,6,855.755,0.0,0.0,207
USER_0855,2019-01-26,2019-07-28,9,627.913,22.875,0.7625,157
USER_0856,2019-01-22,2019-11-27,22,2960.087,14.714285714285714,0.49047619047619045,35
USER_0857,2019-09-23,2019-09-24,3,893.331,0.5,0.016666666666666666,99
USER_0858,2019-01-29,2019-01-29,1,24.68,,,337
USER_0859,2019-08-26,2019-08-26,5,596.042,0.0,0.0,128
USER_0860,2019-01-25,2019-12-10,5,468.225,79.75,2.658333333333333,22
USER_0861,2019-07-20,2019-07-20,5,135.721,0.0,0.0,165
USER_0862,2019-08-01,2019-08-01,7,3582.53,0.0,0.0,153
USER_0863,2019-05-14,2019-12-08,14,2355.963,16.0,0.5333333333333333,24
USER_0864,2019-04-16,2019-07-15,32,4110.09,2.903225806451613,0.0967741935483871,170
USER_0865,2019-03-23,2019-03-23,18,3020.337,0.0,0.0,284
USER_0866,2019-03-06,2019-03-06,10,1720.0919999999999,0.0,0.0,301
USER_0867,2019-01-03,2019-01-03,40,7891.675,0.0,0.0,363
USER_0868,2019-11-15,2019-12-04,8,1235.01,2.7142857142857144,0.09047619047619047,28
USER_0869,2019-02-26,2019-11-03,78,11278.745,3.2467532467532467,0.10822510822510822,59
USER_0870,2019-02-21,2019-02-23,46,11697.94,0.044444444444444446,0.0014814814814814816,312
USER_0871,2019-04-30,2019-12-04,19,3749.778,12.11111111111111,0.4037037037037037,28
USER_0872,2019-03-12,2019-03-13,11,1422.4089999999999,0.1,0.0033333333333333335,294
USER_0873,2019-12-19,2019-12-19,1,22.41,,,13
USER_0874,2019-02-28,2019-02-28,37,8793.6,0.0,0.0,307
USER_0875,2019-02-25,2019-02-26,25,3197.746,0.041666666666666664,0.0013888888888888887,309
USER_0876,2019-03-05,2019-03-22,38,4074.486,0.4594594594594595,0.015315315315315317,285
USER_0877,2019-03-04,2019-03-04,4,347.272,0.0,0.0,303
USER_0878,2019-11-08,2019-11-08,28,5303.768,0.0,0.0,54
USER_0879,2019-04-03,2019-08-29,27,3456.006,5.6923076923076925,0.18974358974358976,125
USER_0880,2019-03-06,2019-03-06,24,3896.128,0.0,0.0,301
USER_0881,2019-01-10,2019-01-22,6,648.732,2.4,0.08,344
USER_0882,2019-01-21,2019-01-21,14,2056.396,0.0,0.0,345
USER_0883,2019-09-26,2019-09-26,4,1282.6,0.0,0.0,97
USER_0884,2019-08-23,2019-12-07,7,1044.1280000000002,17.666666666666668,0.5888888888888889,25
USER_0885,2019-12-10,2019-12-10,1,6.2989999999999995,,,22
USER_0886,2019-04-16,2019-04-16,2,510.69,0.0,0.0,260
USER_0887,2019-06-06,2019-06-06,12,1793.746,0.0,0.0,209
USER_0888,2019-03-01,2019-08-22,11,2155.766,17.4,0.58,132
USER_0889,2019-01-19,2019-01-19,15,2396.2110000000002,0.0,0.0,347
USER_0890,2019-03-22,2019-03-22,9,1873.116,0.0,0.0,285
USER_0891,2019-10-20,2019-10-20,15,2667.814,0.0,0.0,73
USER_0892,2019-12-10,2019-12-10,3,314.955,0.0,0.0,22
USER_0893,2019-03-29,2019-07-19,3,289.388,56.0,1.8666666666666667,166
USER_0894,2019-12-08,2019-12-08,2,114.564,0.0,0.0,24
USER_0895,2019-01-05,2019-05-26,38,5517.076,3.810810810810811,0.12702702702702703,220
USER_0896,2019-03-13,2019-07-22,5,552.597,32.75,1.0916666666666666,163
USER_0897,2019-03-04,2019-03-04,3,196.39,0.0,0.0,303
USER_0898,2019-04-08,2019-04-09,9,799.576,0.125,0.004166666666666667,267
USER_0899,2019-05-09,2019-05-09,48,7855.412,0.0,0.0,237
USER_0900,2019-06-07,2019-06-07,9,1515.17,0.0,0.0,208
USER_0901,2019-05-07,2019-05-07,14,3198.764,0.0,0.0,239
USER_0902,2019-04-10,2019-12-09,33,5712.793,7.59375,0.253125,23
USER_0903,2019-02-04,2019-08-02,8,452.19,25.571428571428573,0.8523809523809525,152
USER_0904,2019-03-31,2019-04-06,33,5869.959,0.1875,0.00625,270
USER_0905,2019-04-28,2019-11-20,9,898.356,25.75,0.8583333333333333,42
USER_0906,2019-01-02,2019-12-26,31,4675.117,11.933333333333334,0.3977777777777778,6
USER_0907,2019-12-16,2019-12-16,21,3459.149,0.0,0.0,16
USER_0908,2019-02-10,2019-09-14,50,7081.66,4.408163265306122,0.14693877551020407,109
USER_0909,2019-08-18,2019-08-18,2,199.44,0.0,0.0,136
USER_0910,2019-06-13,2019-06-13,7,780.348,0.0,0.0,202
USER_0911,2019-01-22,2019-08-19,5,511.68,52.25,1.7416666666666667,135
USER_0912,2019-10-28,2019-10-28,8,937.74,0.0,0.0,65
USER_0913,2019-01-13,2019-01-13,5,1398.987,0.0,0.0,353
USER_0914,2019-03-20,2019-09-06,21,2288.404,8.5,0.2833333333333333,117
USER_0915,2019-04-27,2019-04-27,5,607.27,0.0,0.0,249
USER_0916,2019-04-14,2019-04-15,39,7122.673,0.02631578947368421,0.0008771929824561403,261
USER_0917,2019-03-29,2019-03-29,14,2645.908,0.0,0.0,278
USER_0918,2019-05-24,2019-05-24,8,445.36,0.0,0.0,222
USER_0919,2019-10-06,2019-10-06,12,1980.475,0.0,0.0,87
USER_0920,2019-03-22,2019-03-22,5,694.0799999999999,0.0,0.0,285
USER_0921,2019-08-01,2019-08-01,1,19.69,,,153
USER_0922,2019-01-02,2019-01-02,5,818.869,0.0,0.0,364
USER_0923,2019-12-23,2019-12-24,3,759.39,0.5,0.016666666666666666,8
USER_0924,2019-12-08,2019-12-09,69,11212.632,0.014705882352941176,0.0004901960784313725,23
USER_0925,2019-07-20,2019-08-16,5,862.63,6.75,0.225,138
USER_0926,2019-03-29,2019-08-17,8,555.18,20.142857142857142,0.6714285714285714,137
USER_0927,2019-11-02,2019-11-14,8,871.912,1.7142857142857142,0.05714285714285714,48
USER_0928,2019-03-26,2019-03-26,11,1468.425,0.0,0.0,281
USER_0929,2019-10-27,2019-11-15,7,1141.0549999999998,3.1666666666666665,0.10555555555555556,47
USER_0930,2019-06-08,2019-07-11,12,2279.269,3.0,0.1,174
USER_0931,2019-03-16,2019-03-16,1,2.8,,,291
USER_0932,2019-02-07,2019-02-07,6,992.162,0.0,0.0,328
USER_0933,2019-03-01,2019-07-07,12,2786.527,11.636363636363637,0.3878787878787879,178
USER_0934,2019-06-02,2019-08-18,17,2053.953,4.8125,0.16041666666666668,136
USER_0935,2019-01-31,2019-08-01,14,1916.7640000000001,14.0,0.4666666666666667,153
USER_0936,2019-07-05,2019-07-05,7,1102.18,0.0,0.0,180
USER_0937,2019-12-12,2019-12-12,13,1835.877,0.0,0.0,20
USER_0938,2019-03-04,2019-12-10,64,9693.551,4.4603174603174605,0.14867724867724869,22
USER_0939,2019-04-20,2019-04-20,4,103.25099999999999,0.0,0.0,256
USER_0940,2019-02-13,2019-10-16,3,477.40999999999997,122.5,4.083333333333333,77
USER_0941,2019-01-25,2019-01-25,2,703.52,0.0,0.0,341
USER_0942,2019-05-26,2019-12-03,15,1271.506,13.642857142857142,0.45476190476190476,29
USER_0943,2019-05-22,2019-05-22,7,733.208,0.0,0.0,224
USER_0944,2019-01-26,2019-08-18,11,1562.6480000000001,20.4,0.6799999999999999,136
USER_0945,2019-09-05,2019-09-05,11,1307.632,0.0,0.0,118
USER_0946,2019-01-06,2019-12-15,20,3715.996,18.05263157894737,0.6017543859649124,17
USER_0947,2019-01-03,2019-01-04,17,3622.911,0.0625,0.0020833333333333333,362
USER_0948,2019-03-21,2019-03-21,4,1042.217,0.0,0.0,286
USER_0949,2019-10-25,2019-10-26,71,10845.159,0.014285714285714285,0.0004761904761904762,67
USER_0950,2019-04-03,2019-08-30,6,620.41,29.8,0.9933333333333334,124
USER_0951,2019-08-21,2019-09-04,7,802.175,2.3333333333333335,0.07777777777777778,119
USER_0952,2019-02-12,2019-07-19,30,5745.972,5.413793103448276,0.18045977011494252,166
USER_0953,2019-01-19,2019-01-20,28,5080.751,0.037037037037037035,0.0012345679012345679,346
USER_0954,2019-01-02,2019-01-02,8,1933.946,0.0,0.0,364
USER_0955,2019-04-09,2019-04-10,12,1579.493,0.09090909090909091,0.0030303030303030303,266
USER_0956,2019-04-18,2019-07-17,24,4197.196,3.9130434782608696,0.13043478260869565,168
USER_0957,2019-05-24,2019-05-24,2,663.0,0.0,0.0,222
USER_0958,2019-04-24,2019-04-24,10,2408.277,0.0,0.0,252
USER_0959,2019-07-12,2019-07-12,23,4060.2780000000002,0.0,0.0,173
USER_0960,2019-06-20,2019-06-20,4,541.069,0.0,0.0,195
USER_0961,2019-01-13,2019-01-13,32,5906.671,0.0,0.0,353
USER_0962,2019-08-13,2019-08-13,2,171.59,0.0,0.0,141
USER_0963,2019-07-17,2019-07-17,8,745.23,0.0,0.0,168
USER_0964,2019-03-24,2019-03-24,7,555.875,0.0,0.0,283
USER_0965,2019-08-15,2019-08-15,14,2162.65,0.0,0.0,139
USER_0966,2019-03-24,2019-08-01,7,364.067,21.666666666666668,0.7222222222222222,153
USER_0967,2019-08-27,2019-08-27,4,197.54999999999998,0.0,0.0,127
USER_0968,2019-06-19,2019-07-22,17,2113.382,2.0625,0.06875,163
USER_0969,2019-09-27,2019-09-27,2,166.995,0.0,0.0,96
USER_0970,2019-08-08,2019-11-22,14,1755.074,8.153846153846153,0.2717948717948718,40
USER_0971,2019-02-19,2019-11-17,54,8606.728,5.113207547169812,0.17044025157232706,45
USER_0972,2019-12-16,2019-12-16,1,605.49,,,16
USER_0973,2019-04-18,2019-08-13,13,845.97,9.75,0.325,141
USER_0974,2019-08-17,2019-08-17,2,250.032,0.0,0.0,137
USER_0975,2019-02-15,2019-12-20,9,802.887,38.5,1.2833333333333334,12
USER_0976,2019-08-22,2019-09-04,4,59.352,4.333333333333333,0.14444444444444443,119
USER_0977,2019-03-27,2019-06-09,6,348.937,14.8,0.49333333333333335,206
USER_0978,2019-05-06,2019-05-06,14,1213.892,0.0,0.0,240
USER_0979,2019-12-12,2019-12-12,9,1578.2259999999999,0.0,0.0,20
USER_0980,2019-04-03,2019-04-04,9,776.008,0.125,0.004166666666666667,272
USER_0981,2019-10-02,2019-10-02,2,25.971000000000004,0.0,0.0,91
USER_0982,2019-02-23,2019-05-06,13,1209.47,6.0,0.2,240
USER_0983,2019-08-28,2019-09-26,39,5911.762,0.7631578947368421,0.025438596491228073,97
USER_0984,2019-09-05,2019-09-05,10,727.496,0.0,0.0,118
USER_0985,2019-02-23,2019-02-24,27,4877.736,0.038461538461538464,0.001282051282051282,311
USER_0986,2019-11-30,2019-11-30,3,739.478,0.0,0.0,32
USER_0987,2019-12-15,2019-12-15,1,33.786,,,17
USER_0988,2019-11-30,2019-11-30,10,1175.328,0.0,0.0,32
USER_0989,2019-11-02,2019-11-03,30,4624.386,0.034482758620689655,0.0011494252873563218,59
USER_0990,2019-02-23,2019-02-23,10,819.2,0.0,0.0,312
USER_0991,2019-12-06,2019-12-06,7,867.516,0.0,0.0,26
USER_0992,2019-03-01,2019-12-07,27,4230.556,10.807692307692308,0.36025641025641025,25
USER_0993,2019-07-28,2019-07-28,1,10.63,,,157
USER_0994,2019-05-22,2019-05-23,29,4583.57,0.03571428571428571,0.0011904761904761904,223
USER_0995,2019-02-09,2019-05-21,13,1523.794,8.416666666666666,0.28055555555555556,225
USER_0996,2019-01-11,2019-12-28,42,7525.8369999999995,8.560975609756097,0.28536585365853656,4
USER_0997,2019-05-24,2019-05-24,5,380.058,0.0,0.0,222
USER_0998,2019-06-14,2019-06-14,20,2186.249,0.0,0.0,201
USER_0999,2019-08-02,2019-08-02,4,328.016,0.0,0.0,152
USER_1000,2019-02-04,2019-10-11,30,4382.773,8.586206896551724,0.28620689655172415,82
USER_1001,2019-08-30,2019-08-30,1,25.78,,,124
USER_1002,2019-11-05,2019-11-05,31,5654.64,0.0,0.0,57
USER_1003,2019-08-15,2019-10-27,10,2816.592,8.11111111111111,0.27037037037037037,66
USER_1004,2019-04-18,2019-06-01,13,1800.566,3.6666666666666665,0.12222222222222222,214
USER_1005,2019-08-26,2019-08-26,1,7.68,,,128
USER_1006,2019-05-31,2019-08-28,26,4072.443,3.56,0.11866666666666667,126
USER_1007,2019-01-23,2019-01-24,10,1934.144,0.1111111111111111,0.0037037037037037034,342
USER_1008,2019-12-07,2019-12-07,16,2221.982,0.0,0.0,25
USER_1009,2019-04-18,2019-04-18,1,67.542,,,258
USER_1010,2019-04-15,2019-04-16,32,6892.298,0.03225806451612903,0.001075268817204301,260
USER_1011,2019-11-17,2019-11-18,18,1695.032,0.058823529411764705,0.00196078431372549,44
USER_1012,2019-03-29,2019-12-29,27,3160.545,10.576923076923077,0.35256410256410253,3
USER_1013,2019-05-30,2019-10-23,9,1168.199,18.25,0.6083333333333333,70
USER_1014,2019-07-21,2019-07-21,1,9.450000000000001,,,164
USER_1015,2019-01-13,2019-06-20,14,3334.853,12.153846153846153,0.40512820512820513,195
USER_1016,2019-01-20,2019-01-29,11,1570.804,0.9,0.030000000000000002,337
USER_1017,2019-08-10,2019-08-10,15,1414.096,0.0,0.0,144
USER_1018,2019-03-13,2019-03-14,22,3033.478,0.047619047619047616,0.0015873015873015873,293
USER_1019,2019-08-02,2019-08-02,8,577.726,0.0,0.0,152
USER_1020,2019-01-07,2019-01-07,4,444.331,0.0,0.0,359
USER_1021,2019-04-05,2019-05-31,5,5681.926,14.0,0.4666666666666667,215
USER_1022,2019-08-23,2019-08-23,1,496.71000000000004,,,131
USER_1023,2019-05-30,2019-05-30,9,1308.392,0.0,0.0,216
USER_1024,2019-03-29,2019-10-12,28,3295.511,7.296296296296297,0.24320987654320989,81
USER_1025,2019-06-19,2019-06-19,10,1981.66,0.0,0.0,196
USER_1026,2019-05-01,2019-05-01,2,60.443999999999996,0.0,0.0,245
USER_1027,2019-08-01,2019-08-01,14,1970.106,0.0,0.0,153
USER_1028,2019-05-23,2019-12-04,11,1775.7669999999998,19.5,0.65,28
USER_1029,2019-04-19,2019-04-19,1,223.95,,,257
USER_1030,2019-01-05,2019-01-05,5,1845.8059999999998,0.0,0.0,361
USER_1031,2019-09-05,2019-09-05,1,1.59,,,118
USER_1032,2019-04-10,2019-04-10,3,54.943,0.0,0.0,266
USER_1033,2019-07-21,2019-07-21,1,876.3160000000001,,,164
USER_1034,2019-06-12,2019-06-28,8,700.175,2.2857142857142856,0.07619047619047618,187
USER_1035,2019-12-05,2019-12-05,14,2592.3869999999997,0.0,0.0,27
USER_1036,2019-10-02,2019-10-03,24,4806.905,0.043478260869565216,0.0014492753623188406,90
USER_1037,2019-01-30,2019-01-30,6,1043.049,0.0,0.0,336
USER_1038,2019-03-04,2019-09-02,3,214.231,91.0,3.033333333333333,121
USER_1039,2019-03-16,2019-03-16,5,652.8199999999999,0.0,0.0,291
USER_1040,2019-08-22,2019-08-22,13,2029.8400000000001,0.0,0.0,132
USER_1041,2019-04-26,2019-11-03,6,112.295,38.2,1.2733333333333334,59
USER_1042,2019-03-14,2019-03-14,7,892.073,0.0,0.0,293
USER_1043,2019-10-14,2019-10-14,1,16.831,,,79
USER_1044,2019-05-10,2019-05-10,5,899.2280000000001,0.0,0.0,236
USER_1045,2019-06-13,2019-09-14,25,3279.7309999999998,3.875,0.12916666666666668,109
USER_1046,2019-07-28,2019-07-28,8,695.9440000000001,0.0,0.0,157
USER_1047,2019-04-05,2019-04-05,1,72.993,,,271
USER_1048,2019-06-21,2019-12-17,33,5189.387,5.59375,0.18645833333333334,15
USER_1049,2019-07-03,2019-07-04,51,7721.251,0.02,0.0006666666666666666,181
USER_1050,2019-04-10,2019-11-09,24,3931.17,9.26086956521739,0.30869565217391304,53
USER_1051,2019-05-14,2019-08-22,9,1278.29,12.5,0.4166666666666667,132
USER_1052,2019-06-14,2019-12-08,28,2847.124,6.555555555555555,0.2185185185185185,24
USER_1053,2019-03-13,2019-05-31,28,3772.348,2.925925925925926,0.09753086419753086,215
USER_1054,2019-06-27,2019-06-27,1,12.99,,,188
USER_1055,2019-03-29,2019-07-07,49,7547.81,2.0833333333333335,0.06944444444444445,178
USER_1056,2019-11-01,2019-11-01,47,9800.002,0.0,0.0,61
USER_1057,2019-12-10,2019-12-10,1,34.244,,,22
USER_1058,2019-04-10,2019-12-13,8,1064.096,35.285714285714285,1.1761904761904762,19
USER_1059,2019-02-21,2019-02-22,28,4252.832,0.037037037037037035,0.0012345679012345679,313
USER_1060,2019-03-06,2019-07-21,34,5048.608,4.151515151515151,0.1383838383838384,164
USER_1061,2019-03-12,2019-05-24,22,2108.721,3.4761904761904763,0.11587301587301588,222
USER_1062,2019-02-09,2019-12-26,67,10042.966,4.848484848484849,0.16161616161616163,6
USER_1063,2019-05-16,2019-05-16,8,515.552,0.0,0.0,230
USER_1064,2019-04-30,2019-04-30,21,3291.027,0.0,0.0,246
USER_1065,2019-10-16,2019-10-16,9,1864.281,0.0,0.0,77
USER_1066,2019-08-09,2019-08-10,26,2825.142,0.04,0.0013333333333333333,144
USER_1067,2019-06-15,2019-06-15,13,2127.0789999999997,0.0,0.0,200
USER_1068,2019-12-06,2019-12-30,28,4931.306,0.8888888888888888,0.029629629629629627,2
USER_1069,2019-06-14,2019-09-05,27,2717.063,3.1923076923076925,0.10641025641025642,118
USER_1070,2019-08-10,2019-12-19,9,1620.473,16.375,0.5458333333333333,13
USER_1071,2019-01-21,2019-01-21,4,904.953,0.0,0.0,345
USER_1072,2019-01-30,2019-01-30,2,136.79,0.0,0.0,336
USER_1073,2019-11-17,2019-11-17,7,1552.0140000000001,0.0,0.0,45
USER_1074,2019-10-20,2019-10-20,6,865.073,0.0,0.0,73
USER_1075,2019-11-10,2019-11-10,26,6016.496,0.0,0.0,52
USER_1076,2019-01-27,2019-11-24,45,7915.476000000001,6.840909090909091,0.22803030303030303,38
USER_1077,2019-07-24,2019-12-13,57,9946.113,2.5357142857142856,0.08452380952380951,19
USER_1078,2019-03-24,2019-08-29,19,2540.27,8.777777777777779,0.2925925925925926,125
USER_1079,2019-03-27,2019-12-10,36,5219.027,7.371428571428571,0.2457142857142857,22
USER_1080,2019-01-25,2019-04-19,14,1924.786,6.461538461538462,0.2153846153846154,257
USER_1081,2019-03-18,2019-11-06,61,8861.137999999999,3.8833333333333333,0.12944444444444445,56
USER_1082,2019-08-21,2019-08-21,17,3029.704,0.0,0.0,133
USER_1083,2019-04-17,2019-04-18,32,4438.467,0.03225806451612903,0.001075268817204301,258
USER_1084,2019-05-31,2019-05-31,31,3374.416,0.0,0.0,215
USER_1085,2019-05-23,2019-05-23,1,25.080000000000002,,,223
USER_1086,2019-05-26,2019-05-26,7,1726.404,0.0,0.0,220
USER_1087,2019-02-14,2019-12-16,36,7021.076,8.714285714285714,0.29047619047619044,16
USER_1088,2019-06-21,2019-11-26,16,2615.68,10.533333333333333,0.3511111111111111,36
USER_1089,2019-03-15,2019-06-02,13,1517.941,6.583333333333333,0.21944444444444444,213
USER_1090,2019-08-10,2019-08-10,8,1120.556,0.0,0.0,144
USER_1091,2019-01-16,2019-01-16,1,214.054,,,350
USER_1092,2019-02-13,2019-11-27,10,1433.71,31.88888888888889,1.0629629629629629,35
USER_1093,2019-09-06,2019-09-07,8,1453.0919999999999,0.14285714285714285,0.0047619047619047615,116
USER_1094,2019-08-14,2019-08-14,13,1423.26,0.0,0.0,140
USER_1095,2019-03-04,2019-04-07,2,548.989,34.0,1.1333333333333333,269
USER_1096,2019-03-16,2019-03-16,1,13.515,,,291
USER_1097,2019-03-27,2019-05-22,5,1101.779,14.0,0.4666666666666667,224
USER_1098,2019-05-02,2019-07-09,43,2769.556,1.619047619047619,0.05396825396825397,176
USER_1099,2019-07-16,2019-08-17,17,2041.408,2.0,0.06666666666666667,137
USER_1100,2019-11-04,2019-11-04,1,238.0,,,58
USER_1101,2019-02-01,2019-02-01,11,2177.106,0.0,0.0,334
USER_1102,2019-06-29,2019-06-29,23,3220.776,0.0,0.0,186
USER_1103,2019-08-02,2019-08-02,20,4062.186,0.0,0.0,152
USER_1104,2019-02-01,2019-02-02,37,6432.51,0.027777777777777776,0.0009259259259259259,333
USER_1105,2019-09-28,2019-09-28,1,29.092,,,95
USER_1106,2019-03-29,2019-03-30,31,3103.312,0.03333333333333333,0.0011111111111111111,277
USER_1107,2019-11-22,2019-11-22,19,3457.064,0.0,0.0,40
USER_1108,2019-03-07,2019-04-18,11,2499.886,4.2,0.14,258
USER_1109,2019-05-30,2019-05-30,9,704.3820000000001,0.0,0.0,216
USER_1110,2019-03-22,2019-09-21,44,5546.090999999999,4.255813953488372,0.14186046511627906,102
USER_1111,2019-02-01,2019-02-01,5,908.572,0.0,0.0,334
USER_1112,2019-04-20,2019-04-20,19,3265.127,0.0,0.0,256
USER_1113,2019-09-30,2019-09-30,5,850.9359999999999,0.0,0.0,93
USER_1114,2019-01-23,2019-01-23,23,2928.093,0.0,0.0,343
USER_1115,2019-11-03,2019-11-04,10,2196.542,0.1111111111111111,0.0037037037037037034,58
USER_1116,2019-03-10,2019-05-31,34,6296.009,2.484848484848485,0.08282828282828283,215
USER_1117,2019-05-03,2019-11-22,59,13353.65,3.5,0.11666666666666667,40
USER_1118,2019-02-04,2019-02-04,6,475.156,0.0,0.0,331
USER_1119,2019-05-15,2019-05-15,1,24.29,,,231
USER_1120,2019-01-13,2019-10-03,5,1412.232,65.75,2.191666666666667,90
USER_1121,2019-02-13,2019-10-07,54,10290.492,4.452830188679245,0.14842767295597484,86
USER_1122,2019-12-20,2019-12-21,9,1852.02,0.125,0.004166666666666667,11
USER_1123,2019-10-26,2019-10-26,10,1365.28,0.0,0.0,67
USER_1124,2019-06-22,2019-06-22,7,944.39,0.0,0.0,193
USER_1125,2019-09-15,2019-09-15,4,491.225,0.0,0.0,108
USER_1126,2019-11-08,2019-11-08,4,822.99,0.0,0.0,54
USER_1127,2019-03-24,2019-03-24,2,152.55,0.0,0.0,283
USER_1128,2019-06-03,2019-06-03,5,309.233,0.0,0.0,212
USER_1129,2019-01-10,2019-08-06,12,1222.242,18.90909090909091,0.6303030303030304,148
USER_1130,2019-02-17,2019-10-11,10,1031.2830000000001,26.22222222222222,0.874074074074074,82
USER_1131,2019-06-13,2019-12-12,17,3493.998,11.375,0.37916666666666665,20
USER_1132,2019-12-14,2019-12-14,2,30.903,0.0,0.0,18
USER_1133,2019-01-30,2019-01-30,1,17.53,,,336
USER_1134,2019-06-13,2019-07-13,4,314.103,10.0,0.3333333333333333,172
USER_1135,2019-09-15,2019-12-19,5,546.646,23.75,0.7916666666666666,13
USER_1136,2019-06-13,2019-10-17,18,1465.263,7.411764705882353,0.24705882352941178,76
USER_1137,2019-06-27,2019-07-12,8,1098.1399999999999,2.142857142857143,0.07142857142857142,173
USER_1138,2019-01-17,2019-06-01,42,6188.891,3.292682926829268,0.10975609756097561,214
USER_1139,2019-09-14,2019-09-14,5,598.073,0.0,0.0,109
USER_1140,2019-03-11,2019-08-27,46,7290.54,3.7555555555555555,0.12518518518518518,127
USER_1141,2019-01-13,2019-01-14,5,1098.799,0.25,0.008333333333333333,352
USER_1142,2019-02-20,2019-02-20,3,138.78,0.0,0.0,315
USER_1143,2019-11-01,2019-11-01,18,3326.846,0.0,0.0,61
USER_1144,2019-06-07,2019-06-07,4,312.239,0.0,0.0,208
USER_1145,2019-12-06,2019-12-07,8,1457.998,0.14285714285714285,0.0047619047619047615,25
USER_1146,2019-05-24,2019-05-24,4,564.462,0.0,0.0,222
USER_1147,2019-06-12,2019-06-12,1,43.672999999999995,,,203
USER_1148,2019-08-25,2019-10-05,7,1127.494,6.833333333333333,0.22777777777777777,88
USER_1149,2019-02-17,2019-02-18,69,7991.648,0.014705882352941176,0.0004901960784313725,317
USER_1150,2019-02-15,2019-11-22,34,5365.148,8.484848484848484,0.2828282828282828,40
USER_1151,2019-09-07,2019-09-07,9,2833.451,0.0,0.0,116
USER_1152,2019-03-14,2019-11-29,38,6010.196,7.027027027027027,0.23423423423423423,33
USER_1153,2019-01-15,2019-07-14,14,2160.78,13.846153846153847,0.46153846153846156,171
USER_1154,2019-12-15,2019-12-15,8,1159.419,0.0,0.0,17
USER_1155,2019-10-31,2019-10-31,6,311.726,0.0,0.0,62
USER_1156,2019-04-23,2019-04-23,5,1015.6510000000001,0.0,0.0,253
USER_1157,2019-10-26,2019-10-27,11,366.224,0.1,0.0033333333333333335,66
USER_1158,2019-05-07,2019-07-06,39,4969.643,1.5789473684210527,0.052631578947368425,179
USER_1159,2019-07-08,2019-07-08,2,84.69000000000001,0.0,0.0,177
USER_1160,2019-03-19,2019-10-23,20,2537.465,11.473684210526315,0.38245614035087716,70
USER_1161,2019-10-04,2019-10-27,8,1635.834,3.2857142857142856,0.10952380952380952,66
USER_1162,2019-08-07,2019-08-22,5,637.38,3.75,0.125,132
USER_1163,2019-04-18,2019-09-23,29,5389.82,5.642857142857143,0.18809523809523812,100
USER_1164,2019-12-30,2019-12-30,27,4518.213,0.0,0.0,2
USER_1165,2019-08-08,2019-08-08,11,2375.032,0.0,0.0,146
USER_1166,2019-10-30,2019-10-30,7,1722.1399999999999,0.0,0.0,63
USER_1167,2019-05-04,2019-05-05,28,6031.1179999999995,0.037037037037037035,0.0012345679012345679,241
USER_1168,2019-08-09,2019-08-09,6,898.202,0.0,0.0,145
USER_1169,2019-01-31,2019-01-31,6,1339.4650000000001,0.0,0.0,335
USER_1170,2019-06-15,2019-06-15,6,1571.561,0.0,0.0,200
USER_1171,2019-12-04,2019-12-04,8,691.0989999999999,0.0,0.0,28
USER_1172,2019-05-28,2019-05-29,16,1889.782,0.06666666666666667,0.0022222222222222222,217
USER_1173,2019-05-17,2019-05-17,8,1750.446,0.0,0.0,229
USER_1174,2019-11-15,2019-11-16,32,5455.0960000000005,0.03225806451612903,0.001075268817204301,46
USER_1175,2019-01-07,2019-01-07,2,327.01,0.0,0.0,359
USER_1176,2019-05-08,2019-11-20,27,3117.707,7.538461538461538,0.2512820512820513,42
USER_1177,2019-06-12,2019-06-12,19,3384.076,0.0,0.0,203
USER_1178,2019-03-15,2019-03-16,36,6666.527,0.02857142857142857,0.0009523809523809524,291
USER_1179,2019-05-24,2019-05-25,13,1286.648,0.08333333333333333,0.0027777777777777775,221
USER_1180,2019-02-07,2019-04-17,44,8622.815,1.6046511627906976,0.053488372093023255,259
USER_1181,2019-07-06,2019-07-06,3,347.0,0.0,0.0,179
USER_1182,2019-02-20,2019-07-12,25,4216.832,5.916666666666667,0.19722222222222224,173
USER_1183,2019-04-04,2019-11-11,20,3372.291,11.631578947368421,0.387719298245614,51
USER_1184,2019-06-11,2019-12-19,15,1575.619,13.642857142857142,0.45476190476190476,13
USER_1185,2019-03-17,2019-08-11,59,6453.809,2.5344827586206895,0.08448275862068964,143
USER_1186,2019-05-01,2019-11-28,38,7079.518,5.702702702702703,0.1900900900900901,34
USER_1187,2019-03-15,2019-12-14,27,7388.197,10.538461538461538,0.35128205128205126,18
USER_1188,2019-12-22,2019-12-22,13,2164.192,0.0,0.0,10
USER_1189,2019-03-05,2019-03-05,3,247.57999999999998,0.0,0.0,302
USER_1190,2019-01-27,2019-12-06,25,3682.3469999999998,13.041666666666666,0.4347222222222222,26
USER_1191,2019-06-05,2019-12-12,39,5479.381,5.0,0.16666666666666666,20
USER_1192,2019-05-16,2019-09-26,36,5639.888,3.8,0.12666666666666665,97
USER_1193,2019-01-23,2019-01-23,7,1801.4679999999998,0.0,0.0,343
USER_1194,2019-05-05,2019-10-23,15,2242.536,12.214285714285714,0.40714285714285714,70
USER_1195,2019-02-07,2019-10-04,51,8790.844,4.78,0.15933333333333335,89
USER_1196,2019-07-13,2019-11-27,14,2446.172,10.538461538461538,0.35128205128205126,35
USER_1197,2019-02-10,2019-10-05,36,5373.0380000000005,6.771428571428571,0.2257142857142857,88
USER_1198,2019-05-03,2019-05-03,22,1740.2540000000001,0.0,0.0,243
USER_1199,2019-12-01,2019-12-01,7,852.143,0.0,0.0,31
USER_1200,2019-03-10,2019-03-11,32,4931.746,0.03225806451612903,0.001075268817204301,296
USER_1201,2019-04-05,2019-04-05,1,9.411000000000001,,,271
USER_1202,2019-10-03,2019-10-03,29,3898.2349999999997,0.0,0.0,90
USER_1203,2019-08-04,2019-08-05,49,5812.684,0.020833333333333332,0.0006944444444444444,149
USER_1204,2019-01-21,2019-03-21,9,1693.5,7.375,0.24583333333333332,286
USER_1205,2019-06-18,2019-09-11,5,1205.94,21.25,0.7083333333333334,112
USER_1206,2019-12-24,2019-12-24,1,121.3,,,8
USER_1207,2019-05-18,2019-12-27,15,2030.181,15.928571428571429,0.530952380952381,5
USER_1208,2019-05-16,2019-05-16,21,2471.234,0.0,0.0,230
USER_1209,2019-07-12,2019-11-03,5,136.761,28.5,0.95,59
USER_1210,2019-04-19,2019-04-19,1,19.19,,,257
USER_1211,2019-11-07,2019-11-07,19,3577.99,0.0,0.0,55
USER_1212,2019-11-27,2019-12-04,15,3005.819,0.5,0.016666666666666666,28
USER_1213,2019-06-26,2019-12-26,51,7214.411,3.66,0.12200000000000001,6
USER_1214,2019-03-18,2019-03-18,11,1401.772,0.0,0.0,289
USER_1215,2019-04-02,2019-08-22,7,1358.2430000000002,23.666666666666668,0.788888888888889,132
USER_1216,2019-11-21,2019-11-21,9,2448.15,0.0,0.0,41
USER_1217,2019-12-20,2019-12-20,7,1385.447,0.0,0.0,12
USER_1218,2019-12-14,2019-12-15,139,31950.042999999998,0.007246376811594203,0.00024154589371980676,17
USER_1219,2019-05-15,2019-08-24,56,6277.858,1.8363636363636364,0.06121212121212121,130
USER_1220,2019-04-18,2019-04-18,1,22.4,,,258
USER_1221,2019-04-07,2019-07-11,61,9670.869,1.5833333333333333,0.05277777777777778,174
USER_1222,2019-04-02,2019-04-03,65,10407.209,0.015625,0.0005208333333333333,273
USER_1223,2019-07-05,2019-07-05,8,991.406,0.0,0.0,180
USER_1224,2019-01-11,2019-06-05,21,2976.292,7.25,0.24166666666666667,210
USER_1225,2019-12-05,2019-12-05,14,1791.511,0.0,0.0,27
USER_1226,2019-07-02,2019-07-03,26,4560.957,0.04,0.0013333333333333333,182
USER_1227,2019-12-16,2019-12-16,6,766.564,0.0,0.0,16
USER_1228,2019-08-25,2019-09-30,16,1625.606,2.4,0.08,93
USER_1229,2019-08-18,2019-08-18,29,3876.26,0.0,0.0,136
USER_1230,2019-07-27,2019-10-27,22,2584.309,4.380952380952381,0.14603174603174604,66
USER_1231,2019-05-19,2019-05-19,4,1126.66,0.0,0.0,227
USER_1232,2019-05-06,2019-11-03,39,7812.946,4.7631578947368425,0.15877192982456143,59
USER_1233,2019-11-28,2019-11-28,9,1886.762,0.0,0.0,34
USER_1234,2019-05-19,2019-12-03,25,3629.085,8.25,0.275,29
USER_1235,2019-12-09,2019-12-09,5,414.35299999999995,0.0,0.0,23
USER_1236,2019-01-06,2019-06-29,28,3741.998,6.444444444444445,0.21481481481481482,186
USER_1237,2019-01-22,2019-12-22,14,2546.596,25.692307692307693,0.8564102564102565,10
USER_1238,2019-07-19,2019-12-03,14,2518.518,10.538461538461538,0.35128205128205126,29
USER_1239,2019-06-22,2019-12-28,34,6666.556,5.7272727272727275,0.19090909090909092,4
USER_1240,2019-01-31,2019-01-31,2,22.470000000000002,0.0,0.0,335
USER_1241,2019-07-13,2019-07-13,17,6330.244999999999,0.0,0.0,172
USER_1242,2019-02-24,2019-09-02,13,1767.1100000000001,15.833333333333334,0.5277777777777778,121
USER_1243,2019-05-30,2019-11-17,33,4200.329,5.34375,0.178125,45
USER_1244,2019-03-28,2019-08-28,47,6002.191,3.3260869565217392,0.1108695652173913,126
USER_1245,2019-04-13,2019-04-13,2,146.33500000000004,0.0,0.0,263
USER_1246,2019-01-28,2019-06-22,14,1649.325,11.153846153846153,0.37179487179487175,193
USER_1247,2019-09-27,2019-09-27,7,961.067,0.0,0.0,96
USER_1248,2019-03-24,2019-09-20,18,1767.793,10.588235294117647,0.3529411764705882,103
USER_1249,2019-01-02,2019-01-02,5,544.02,0.0,0.0,364
USER_1250,2019-03-04,2019-08-17,20,2045.097,8.736842105263158,0.29122807017543856,137
USER_1251,2019-04-15,2019-04-15,3,1229.5,0.0,0.0,261
USER_1252,2019-11-25,2019-11-25,26,6224.472,0.0,0.0,37
USER_1253,2019-04-19,2019-04-19,1,197.50500000000002,,,257
USER_1254,2019-12-13,2019-12-13,3,821.5930000000001,0.0,0.0,19
USER_1255,2019-06-04,2019-06-05,38,6097.464,0.02702702702702703,0.0009009009009009009,210
USER_1256,2019-03-19,2019-08-17,23,2318.772,6.863636363636363,0.2287878787878788,137
USER_1257,2019-06-04,2019-06-04,7,956.463,0.0,0.0,211
USER_1258,2019-04-19,2019-04-19,7,789.6310000000001,0.0,0.0,257
USER_1259,2019-07-18,2019-12-20,5,692.842,38.75,1.2916666666666667,12
USER_1260,2019-01-15,2019-10-26,6,465.25,56.8,1.8933333333333333,67
USER_1261,2019-11-26,2019-11-26,57,9798.61,0.0,0.0,36
USER_1262,2019-03-19,2019-03-19,6,870.566,0.0,0.0,288
USER_1263,2019-03-21,2019-09-15,7,221.64600000000002,29.666666666666668,0.9888888888888889,108
USER_1264,2019-06-12,2019-06-12,4,239.46599999999998,0.0,0.0,203
USER_1265,2019-10-01,2019-10-01,14,2116.3920000000003,0.0,0.0,92
USER_1266,2019-12-19,2019-12-20,33,5126.784,0.03125,0.0010416666666666667,12
USER_1267,2019-01-03,2019-12-10,106,16295.859999999999,3.2476190476190476,0.10825396825396826,22
USER_1268,2019-10-26,2019-10-26,14,2589.42,0.0,0.0,67
USER_1269,2019-12-21,2019-12-22,8,824.281,0.14285714285714285,0.0047619047619047615,10
USER_1270,2019-03-17,2019-05-22,9,1460.213,8.25,0.275,224
USER_1271,2019-05-17,2019-05-17,1,210.76000000000002,,,229
USER_1272,2019-06-06,2019-06-06,4,331.992,0.0,0.0,209
USER_1273,2019-04-13,2019-05-23,6,510.541,8.0,0.26666666666666666,223
USER_1274,2019-04-21,2019-04-22,29,5093.722000000001,0.03571428571428571,0.0011904761904761904,254
USER_1275,2019-11-12,2019-11-12,2,314.5,0.0,0.0,50
USER_1276,2019-01-25,2019-01-25,2,145.759,0.0,0.0,341
USER_1277,2019-01-03,2019-01-03,4,533.083,0.0,0.0,363
USER_1278,2019-06-09,2019-06-09,17,2371.9210000000003,0.0,0.0,206
USER_1279,2019-01-31,2019-01-31,2,1072.159,0.0,0.0,335
USER_1280,2019-08-09,2019-08-09,23,3196.056,0.0,0.0,145
USER_1281,2019-12-12,2019-12-12,2,144.82299999999998,0.0,0.0,20
USER_1282,2019-01-26,2019-01-26,6,1180.165,0.0,0.0,340
USER_1283,2019-08-20,2019-08-21,14,1674.122,0.07692307692307693,0.002564102564102564,133
USER_1284,2019-01-09,2019-01-09,2,147.79399999999998,0.0,0.0,357
USER_1285,2019-04-20,2019-09-19,25,5755.09,6.333333333333333,0.2111111111111111,104
USER_1286,2019-06-20,2019-11-30,26,4261.266,6.52,0.21733333333333332,32
USER_1287,2019-01-25,2019-08-31,39,4729.305,5.7368421052631575,0.19122807017543858,123
USER_1288,2019-07-24,2019-07-24,17,3008.4339999999997,0.0,0.0,161
USER_1289,2019-03-24,2019-11-03,42,5106.177,5.463414634146342,0.1821138211382114,59
USER_1290,2019-07-13,2019-07-13,11,740.085,0.0,0.0,172
USER_1291,2019-03-08,2019-03-08,28,3805.6119999999996,0.0,0.0,299
USER_1292,2019-09-25,2019-09-25,56,10620.85,0.0,0.0,98
USER_1293,2019-12-01,2019-12-02,19,3425.287,0.05555555555555555,0.0018518518518518517,30
USER_1294,2019-09-07,2019-09-07,33,5789.9439999999995,0.0,0.0,116
USER_1295,2019-05-17,2019-10-09,104,15499.24,1.4077669902912622,0.046925566343042076,84
USER_1296,2019-03-19,2019-03-19,1,119.0,,,288
USER_1297,2019-05-11,2019-05-11,22,2270.83,0.0,0.0,235
USER_1298,2019-12-01,2019-12-01,46,5066.29,0.0,0.0,31
USER_1299,2019-07-08,2019-11-29,12,2279.946,13.090909090909092,0.4363636363636364,33
USER_1300,2019-06-03,2019-08-17,9,1084.384,9.375,0.3125,137
USER_1301,2019-06-12,2019-06-12,1,11.193,,,203
USER_1302,2019-07-28,2019-07-28,24,3696.778,0.0,0.0,157
USER_1303,2019-01-12,2019-01-12,4,564.597,0.0,0.0,354
USER_1304,2019-10-05,2019-10-05,1,12.231,,,88
USER_1305,2019-04-18,2019-04-18,5,902.503,0.0,0.0,258
USER_1306,2019-04-10,2019-06-20,5,219.76,17.75,0.5916666666666667,195
USER_1307,2019-01-29,2019-06-21,6,1473.107,28.6,0.9533333333333334,194
USER_1308,2019-04-18,2019-04-18,1,306.855,,,258
USER_1309,2019-12-18,2019-12-18,19,4463.189,0.0,0.0,14
USER_1310,2019-10-10,2019-10-11,38,7477.51,0.02702702702702703,0.0009009009009009009,82
USER_1311,2019-03-04,2019-03-04,5,371.198,0.0,0.0,303
USER_1312,2019-03-22,2019-12-04,26,4367.334,10.28,0.3426666666666666,28
USER_1313,2019-04-05,2019-04-05,3,927.604,0.0,0.0,271
USER_1314,2019-03-04,2019-10-23,28,2970.762,8.62962962962963,0.2876543209876543,70
USER_1315,2019-03-13,2019-03-13,6,926.483,0.0,0.0,294
USER_1316,2019-01-25,2019-12-27,22,2998.469,16.0,0.5333333333333333,5
USER_1317,2019-01-14,2019-09-11,38,6141.463,6.486486486486487,0.21621621621621623,112
USER_1318,2019-03-05,2019-06-21,6,403.46,21.6,0.7200000000000001,194
USER_1319,2019-06-08,2019-06-08,15,2578.101,0.0,0.0,207
USER_1320,2019-04-23,2019-08-01,4,848.372,33.333333333333336,1.1111111111111112,153
USER_1321,2019-04-19,2019-04-19,2,35.271,0.0,0.0,257
USER_1322,2019-04-17,2019-04-17,3,547.65,0.0,0.0,259
USER_1323,2019-03-29,2019-03-29,18,2085.868,0.0,0.0,278
USER_1324,2019-08-04,2019-08-04,1,20.904,,,150
USER_1325,2019-09-20,2019-09-20,16,2606.939,0.0,0.0,103
USER_1326,2019-10-05,2019-10-05,6,479.791,0.0,0.0,88
USER_1327,2019-03-20,2019-03-20,1,48.99,,,287
USER_1328,2019-04-01,2019-11-03,49,5067.57,4.5,0.15,59
USER_1329,2019-09-12,2019-10-23,6,1040.605,8.2,0.2733333333333333,70
USER_1330,2019-01-17,2019-01-17,11,1761.8429999999998,0.0,0.0,349
USER_1331,2019-03-20,2019-10-30,28,6444.813,8.296296296296296,0.2765432098765432,63
USER_1332,2019-05-31,2019-08-16,2,574.75,77.0,2.566666666666667,138
USER_1333,2019-08-17,2019-08-17,8,1050.768,0.0,0.0,137
USER_1334,2019-06-18,2019-09-30,17,2233.881,6.5,0.21666666666666667,93
USER_1335,2019-06-12,2019-06-12,1,158.0,,,203
USER_1336,2019-01-30,2019-11-14,56,7414.665,5.236363636363636,0.17454545454545453,48
USER_1337,2019-01-13,2019-01-13,7,824.507,0.0,0.0,353
USER_1338,2019-10-06,2019-10-06,23,3758.963,0.0,0.0,87
USER_1339,2019-09-28,2019-09-28,9,1664.244,0.0,0.0,95
USER_1340,2019-11-02,2019-11-02,10,2021.7620000000002,0.0,0.0,60
USER_1341,2019-02-04,2019-09-27,41,6643.372,5.875,0.19583333333333333,96
USER_1342,2019-04-24,2019-06-25,15,1761.272,4.428571428571429,0.14761904761904762,190
USER_1343,2019-02-16,2019-11-23,46,9076.528,6.222222222222222,0.2074074074074074,39
USER_1344,2019-05-16,2019-10-14,60,8765.537,2.559322033898305,0.08531073446327683,79
USER_1345,2019-08-10,2019-08-10,7,468.134,0.0,0.0,144
USER_1346,2019-01-24,2019-01-24,5,613.688,0.0,0.0,342
USER_1347,2019-01-02,2019-02-04,3,726.366,16.5,0.55,331
USER_1348,2019-08-14,2019-12-11,76,12349.576,1.5866666666666667,0.05288888888888889,21
USER_1349,2019-03-17,2019-03-18,11,990.924,0.1,0.0033333333333333335,289
USER_1350,2019-04-18,2019-04-18,2,1747.1879999999999,0.0,0.0,258
USER_1351,2019-02-06,2019-05-08,4,733.63,30.333333333333332,1.011111111111111,238
USER_1352,2019-06-12,2019-06-12,1,295.72299999999996,,,203
USER_1353,2019-04-23,2019-04-26,51,7109.8,0.06,0.002,250
USER_1354,2019-01-27,2019-04-20,16,3039.487,5.533333333333333,0.18444444444444444,256
USER_1355,2019-01-11,2019-12-14,263,43015.721,1.286259541984733,0.04287531806615776,18
USER_1356,2019-06-22,2019-12-15,5,159.607,44.0,1.4666666666666666,17
USER_1357,2019-08-14,2019-08-14,2,1252.104,0.0,0.0,140
USER_1358,2019-01-01,2019-01-26,177,33483.92,0.14204545454545456,0.004734848484848485,340
USER_1359,2019-01-17,2019-01-17,9,1384.9,0.0,0.0,349
USER_1360,2019-04-12,2019-06-20,4,454.381,23.0,0.7666666666666667,195
USER_1361,2019-02-22,2019-10-10,28,4118.414,8.518518518518519,0.28395061728395066,83
USER_1362,2019-03-09,2019-03-09,30,2865.069,0.0,0.0,298
USER_1363,2019-10-13,2019-10-13,6,832.08,0.0,0.0,80
USER_1364,2019-09-27,2019-09-27,8,871.008,0.0,0.0,96
USER_1365,2019-02-23,2019-12-11,23,3722.922,13.227272727272727,0.44090909090909086,21
USER_1366,2019-05-01,2019-06-28,23,4569.675,2.6363636363636362,0.08787878787878788,187
USER_1367,2019-03-19,2019-03-19,6,483.311,0.0,0.0,288
USER_1368,2019-03-27,2019-03-27,1,19.99,,,280
USER_1369,2019-01-12,2019-01-12,4,915.403,0.0,0.0,354
USER_1370,2019-04-24,2019-04-24,10,1721.686,0.0,0.0,252
USER_1371,2019-02-02,2019-12-05,54,8044.246,5.773584905660377,0.19245283018867926,27
USER_1372,2019-06-27,2019-10-31,7,790.788,21.0,0.7,62
USER_1373,2019-10-05,2019-10-05,9,1013.1320000000001,0.0,0.0,88
USER_1374,2019-05-18,2019-10-02,40,6900.961,3.5128205128205128,0.1170940170940171,91
USER_1375,2019-04-07,2019-11-30,56,9487.588,4.3090909090909095,0.14363636363636365,32
USER_1376,2019-01-06,2019-03-26,33,5118.51,2.46875,0.08229166666666667,281
USER_1377,2019-01-09,2019-07-14,10,1518.067,20.666666666666668,0.6888888888888889,171
USER_1378,2019-01-04,2019-01-04,32,5201.218,0.0,0.0,362
USER_1379,2019-04-25,2019-12-13,19,1315.865,12.88888888888889,0.42962962962962964,19
USER_1380,2019-06-30,2019-06-30,12,917.37,0.0,0.0,185
USER_1381,2019-05-06,2019-05-07,17,2608.502,0.0625,0.0020833333333333333,239
USER_1382,2019-01-04,2019-11-21,64,10785.335,5.095238095238095,0.16984126984126982,41
USER_1383,2019-01-03,2019-07-07,4,206.67000000000002,61.666666666666664,2.0555555555555554,178
USER_1384,2019-01-17,2019-01-17,1,19.59,,,349
USER_1385,2019-12-21,2019-12-21,2,227.61599999999999,0.0,0.0,11
USER_1386,2019-05-10,2019-05-18,11,924.6220000000001,0.8,0.02666666666666667,228
USER_1387,2019-02-04,2019-07-26,2,51.172000000000004,172.0,5.733333333333333,159
USER_1388,2019-04-19,2019-04-19,19,6240.953,0.0,0.0,257
USER_1389,2019-01-07,2019-07-08,8,824.439,26.0,0.8666666666666667,177
USER_1390,2019-02-06,2019-09-03,39,5900.151,5.5,0.18333333333333332,120
USER_1391,2019-01-31,2019-12-13,29,9429.4,11.285714285714286,0.37619047619047624,19
USER_1392,2019-01-23,2019-01-23,23,4301.825,0.0,0.0,343
USER_1393,2019-03-02,2019-11-19,45,4366.936,5.954545454545454,0.19848484848484846,43
USER_1394,2019-02-01,2019-02-01,26,4386.26,0.0,0.0,334
USER_1395,2019-01-06,2019-01-06,31,7247.676,0.0,0.0,360
USER_1396,2019-05-19,2019-05-19,3,99.19800000000001,0.0,0.0,227
USER_1397,2019-03-29,2019-12-12,35,12084.262,7.588235294117647,0.2529411764705882,20
USER_1398,2019-01-24,2019-01-24,33,4850.31,0.0,0.0,342
USER_1399,2019-04-17,2019-04-17,4,483.793,0.0,0.0,259
USER_1400,2019-06-11,2019-06-11,7,569.66,0.0,0.0,204
USER_1401,2019-09-10,2019-09-11,11,1620.061,0.1,0.0033333333333333335,112
USER_1402,2019-05-15,2019-07-12,8,906.8570000000001,8.285714285714286,0.2761904761904762,173
USER_1403,2019-04-07,2019-04-07,17,3684.263,0.0,0.0,269
USER_1404,2019-05-09,2019-05-10,18,2748.37,0.058823529411764705,0.00196078431372549,236
USER_1405,2019-10-22,2019-10-22,5,434.9,0.0,0.0,71
USER_1406,2019-01-16,2019-01-16,13,1582.747,0.0,0.0,350
USER_1407,2019-05-02,2019-11-21,23,2560.002,9.227272727272727,0.30757575757575756,41
USER_1408,2019-12-13,2019-12-13,1,19.56,,,19
USER_1409,2019-08-11,2019-08-11,3,30.812,0.0,0.0,143
USER_1410,2019-05-12,2019-10-04,7,456.972,24.166666666666668,0.8055555555555556,89
USER_1411,2019-01-19,2019-12-13,95,13403.863,3.4893617021276597,0.11631205673758865,19
USER_1412,2019-03-31,2019-03-31,28,4145.653,0.0,0.0,276
USER_1413,2019-05-25,2019-05-25,3,818.98,0.0,0.0,221
USER_1414,2019-06-09,2019-06-09,5,664.731,0.0,0.0,206
USER_1415,2019-02-11,2019-12-05,50,8000.888,6.061224489795919,0.20204081632653062,27
USER_1416,2019-04-04,2019-10-01,6,1160.181,36.0,1.2,92
USER_1417,2019-07-26,2019-07-26,3,76.747,0.0,0.0,159
USER_1418,2019-04-28,2019-06-20,17,1627.684,3.3125,0.11041666666666666,195
USER_1419,2019-09-06,2019-09-06,33,4476.512,0.0,0.0,117
USER_1420,2019-04-12,2019-04-12,4,513.418,0.0,0.0,264
USER_1421,2019-01-02,2019-01-02,12,1779.8310000000001,0.0,0.0,364
USER_1422,2019-05-23,2019-11-16,19,2776.593,9.833333333333334,0.3277777777777778,46
USER_1423,2019-03-27,2019-10-19,32,4659.922,6.645161290322581,0.22150537634408604,74
USER_1424,2019-01-05,2019-08-29,15,2062.444,16.857142857142858,0.5619047619047619,125
USER_1425,2019-04-11,2019-08-29,12,1510.109,12.727272727272727,0.4242424242424242,125
USER_1426,2019-08-18,2019-11-29,12,1130.1499999999999,9.363636363636363,0.31212121212121213,33
USER_1427,2019-07-10,2019-07-16,11,1373.155,0.6,0.02,169
USER_1428,2019-03-26,2019-04-17,14,1978.383,1.6923076923076923,0.05641025641025641,259
USER_1429,2019-08-31,2019-08-31,19,2537.812,0.0,0.0,123
USER_1430,2019-02-12,2019-09-17,33,3127.962,6.78125,0.22604166666666667,106
USER_1431,2019-03-08,2019-03-08,1,93.47,,,299
USER_1432,2019-04-27,2019-07-16,77,10161.747,1.0526315789473684,0.03508771929824561,169
USER_1433,2019-02-15,2019-09-16,120,17762.769,1.7899159663865547,0.05966386554621849,107
USER_1434,2019-03-20,2019-03-21,12,1574.77,0.09090909090909091,0.0030303030303030303,286
USER_1435,2019-11-12,2019-11-13,45,9842.27,0.022727272727272728,0.0007575757575757576,49
USER_1436,2019-10-14,2019-10-14,10,1528.202,0.0,0.0,79
USER_1437,2019-05-23,2019-05-23,1,30.38,,,223
USER_1438,2019-01-10,2019-10-21,5,555.9879999999999,71.0,2.3666666666666667,72
USER_1439,2019-11-28,2019-11-28,24,3971.02,0.0,0.0,34
USER_1440,2019-02-17,2019-02-17,34,3001.0280000000002,0.0,0.0,318
USER_1441,2019-10-13,2019-10-13,8,745.364,0.0,0.0,80
USER_1442,2019-01-30,2019-06-05,29,3656.445,4.5,0.15,210
USER_1443,2019-08-13,2019-08-13,9,1217.66,0.0,0.0,141
USER_1444,2019-06-20,2019-07-12,13,2504.049,1.8333333333333333,0.06111111111111111,173
USER_1445,2019-04-28,2019-12-19,15,2804.237,16.785714285714285,0.5595238095238095,13
USER_1446,2019-08-04,2019-09-12,13,1533.56,3.25,0.10833333333333334,111
USER_1447,2019-08-26,2019-09-18,6,402.942,4.6,0.15333333333333332,105
USER_1448,2019-04-06,2019-04-06,1,7.5600000000000005,,,270
USER_1449,2019-08-04,2019-12-11,15,1873.142,9.214285714285714,0.3071428571428571,21
USER_1450,2019-12-08,2019-12-08,17,4182.15,0.0,0.0,24
USER_1451,2019-09-14,2019-09-14,21,2484.281,0.0,0.0,109
USER_1452,2019-03-04,2019-05-26,12,950.406,7.545454545454546,0.2515151515151515,220
USER_1453,2019-06-20,2019-10-05,32,3810.904,3.4516129032258065,0.11505376344086021,88
USER_1454,2019-01-31,2019-04-19,2,81.67500000000001,78.0,2.6,257
USER_1455,2019-07-26,2019-08-23,11,904.3720000000001,2.8,0.09333333333333332,131
USER_1456,2019-01-15,2019-08-30,13,2369.682,18.916666666666668,0.6305555555555556,124
USER_1457,2019-04-18,2019-06-12,2,118.293,55.0,1.8333333333333333,203
USER_1458,2019-09-14,2019-09-14,1,69.65,,,109
USER_1459,2019-01-30,2019-11-27,27,5766.338,11.576923076923077,0.3858974358974359,35
USER_1460,2019-07-04,2019-11-28,30,7403.358,5.068965517241379,0.1689655172413793,34
USER_1461,2019-12-13,2019-12-13,6,1998.896,0.0,0.0,19
USER_1462,2019-07-05,2019-07-05,2,49.56,0.0,0.0,180
USER_1463,2019-04-05,2019-04-05,3,533.15,0.0,0.0,271
USER_1464,2019-06-22,2019-10-05,19,2132.738,5.833333333333333,0.19444444444444445,88
USER_1465,2019-04-05,2019-06-20,2,97.997,76.0,2.533333333333333,195
USER_1466,2019-10-23,2019-10-23,1,298.0,,,70
USER_1467,2019-07-29,2019-10-10,53,6079.016,1.4038461538461537,0.04679487179487179,83
